a320/MCDU1/Line1,int
a320/MCDU1/Line2,int
a320/MCDU1/Line3,int
a320/MCDU1/Line4,int
a320/MCDU1/Line5,int
a320/MCDU1/Line6,int
a320/MCDU1/Line7,int
a320/MCDU1/Line8,int
a320/MCDU1/Line9,int
a320/MCDU1/Line10,int
a320/MCDU1/Line11,int
a320/MCDU1/Line12,int
a320/MCDU1/Page1,int
a320/MCDU1/Page2,int
a320/MCDU1/Page3,int
a320/MCDU1/Page4,int
a320/MCDU1/Page5,int
a320/MCDU1/Page6,int
a320/MCDU1/Page7,int
a320/MCDU1/Page8,int
a320/MCDU1/Page9,int
a320/MCDU1/Page10,int
a320/MCDU1/Page11,int
a320/MCDU1/Page12,int
a320/MCDU1/Page13,int
a320/MCDU1/Page14,int
a320/MCDU1/Page15,int
a320/MCDU1/Page16,int
a320/MCDU1/Num1,int
a320/MCDU1/Num2,int
a320/MCDU1/Num3,int
a320/MCDU1/Num4,int
a320/MCDU1/Num5,int
a320/MCDU1/Num6,int
a320/MCDU1/Num7,int
a320/MCDU1/Num8,int
a320/MCDU1/Num9,int
a320/MCDU1/Num10,int
a320/MCDU1/Num11,int
a320/MCDU1/Num12,int
a320/MCDU1/Key1,int
a320/MCDU1/Key2,int
a320/MCDU1/Key3,int
a320/MCDU1/Key4,int
a320/MCDU1/Key5,int
a320/MCDU1/Key6,int
a320/MCDU1/Key7,int
a320/MCDU1/Key8,int
a320/MCDU1/Key9,int
a320/MCDU1/Key10,int
a320/MCDU1/Key11,int
a320/MCDU1/Key12,int
a320/MCDU1/Key13,int
a320/MCDU1/Key14,int
a320/MCDU1/Key15,int
a320/MCDU1/Key16,int
a320/MCDU1/Key17,int
a320/MCDU1/Key18,int
a320/MCDU1/Key19,int
a320/MCDU1/Key20,int
a320/MCDU1/Key21,int
a320/MCDU1/Key22,int
a320/MCDU1/Key23,int
a320/MCDU1/Key24,int
a320/MCDU1/Key25,int
a320/MCDU1/Key26,int
a320/MCDU1/Key27,int
a320/MCDU1/Key28,int
a320/MCDU1/Key29,int
a320/MCDU1/Key30,int
a320/MCDU1/Brt,int
a320/MCDU1/Dim,int
a320/MCDU2/Line1,int
a320/MCDU2/Line2,int
a320/MCDU2/Line3,int
a320/MCDU2/Line4,int
a320/MCDU2/Line5,int
a320/MCDU2/Line6,int
a320/MCDU2/Line7,int
a320/MCDU2/Line8,int
a320/MCDU2/Line9,int
a320/MCDU2/Line10,int
a320/MCDU2/Line11,int
a320/MCDU2/Line12,int
a320/MCDU2/Page1,int
a320/MCDU2/Page2,int
a320/MCDU2/Page3,int
a320/MCDU2/Page4,int
a320/MCDU2/Page5,int
a320/MCDU2/Page6,int
a320/MCDU2/Page7,int
a320/MCDU2/Page8,int
a320/MCDU2/Page9,int
a320/MCDU2/Page10,int
a320/MCDU2/Page11,int
a320/MCDU2/Page12,int
a320/MCDU2/Page13,int
a320/MCDU2/Page14,int
a320/MCDU2/Page15,int
a320/MCDU2/Page16,int
a320/MCDU2/Num1,int
a320/MCDU2/Num2,int
a320/MCDU2/Num3,int
a320/MCDU2/Num4,int
a320/MCDU2/Num5,int
a320/MCDU2/Num6,int
a320/MCDU2/Num7,int
a320/MCDU2/Num8,int
a320/MCDU2/Num9,int
a320/MCDU2/Num10,int
a320/MCDU2/Num11,int
a320/MCDU2/Num12,int
a320/MCDU2/Key1,int
a320/MCDU2/Key2,int
a320/MCDU2/Key3,int
a320/MCDU2/Key4,int
a320/MCDU2/Key5,int
a320/MCDU2/Key6,int
a320/MCDU2/Key7,int
a320/MCDU2/Key8,int
a320/MCDU2/Key9,int
a320/MCDU2/Key10,int
a320/MCDU2/Key11,int
a320/MCDU2/Key12,int
a320/MCDU2/Key13,int
a320/MCDU2/Key14,int
a320/MCDU2/Key15,int
a320/MCDU2/Key16,int
a320/MCDU2/Key17,int
a320/MCDU2/Key18,int
a320/MCDU2/Key19,int
a320/MCDU2/Key20,int
a320/MCDU2/Key21,int
a320/MCDU2/Key22,int
a320/MCDU2/Key23,int
a320/MCDU2/Key24,int
a320/MCDU2/Key25,int
a320/MCDU2/Key26,int
a320/MCDU2/Key27,int
a320/MCDU2/Key28,int
a320/MCDU2/Key29,int
a320/MCDU2/Key30,int
a320/MCDU2/Brt,int
a320/MCDU2/Dim,int
a320/Panel/EFB_PowerL,int
a320/Panel/EFB_Button1L,int
a320/Panel/EFB_Button2L,int
a320/Panel/EFB_BrightnessL,int
a320/Panel/EFB_PowerR,int
a320/Panel/EFB_Button1R,int
a320/Panel/EFB_Button2R,int
a320/Panel/EFB_BrightnessR,int
a320/Panel/EFIS_BaroModeL,int
a320/Panel/EFIS_BaroTypeL,int
a320/Panel/EFIS_FlightDirL,int
a320/Panel/EFIS_LandSysL,int
a320/Panel/EFIS_NavType1L,int
a320/Panel/EFIS_NavType2L,int
a320/Panel/EFIS_NavType3L,int
a320/Panel/EFIS_NavType4L,int
a320/Panel/EFIS_NavType5L,int
a320/Panel/EFIS_NavModeL,int
a320/Panel/EFIS_NavRangeL,int
a320/Panel/EFIS_NavReciver1L,int
a320/Panel/EFIS_NavReciver2L,int
a320/Panel/EFIS_TerrMapL,int
a320/Panel/EFIS_BaroModeR,int
a320/Panel/EFIS_BaroTypeR,int
a320/Panel/EFIS_FlightDirR,int
a320/Panel/EFIS_LandSysR,int
a320/Panel/EFIS_NavType1R,int
a320/Panel/EFIS_NavType2R,int
a320/Panel/EFIS_NavType3R,int
a320/Panel/EFIS_NavType4R,int
a320/Panel/EFIS_NavType5R,int
a320/Panel/EFIS_NavModeR,int
a320/Panel/EFIS_NavRangeR,int
a320/Panel/EFIS_NavReciver1R,int
a320/Panel/EFIS_NavReciver2R,int
a320/Panel/EFIS_TerrMapR,int
a320/Panel/FCU_Vertical,float
a320/Panel/FCU_Altitude,float
a320/Panel/FCU_Lateral,float
a320/Panel/FCU_Speed,float
a320/Panel/EFIS_BaroL,float
a320/Panel/EFIS_BaroR,float
a320/Panel/FCU_Mach,int
a320/Panel/FCU_Mode,int
a320/Panel/FCU_Metric,int
a320/Panel/FCU_SpeedMode,int
a320/Panel/FCU_LateralMode,int
a320/Panel/FCU_AltitudeMode,int
a320/Panel/FCU_AltitudeStep,int
a320/Panel/FCU_VerticalMode,int
a320/Panel/FCU_AutoPilot1,int
a320/Panel/FCU_AutoPilot2,int
a320/Panel/FCU_AutoThrust,int
a320/Panel/FCU_Localizer,int
a320/Panel/FCU_Expedite,int
a320/Panel/FCU_Approach,int
a320/Panel/LightWindowL,int
a320/Panel/LightWindowOnL,int
a320/Panel/LightTableL,int
a320/Panel/LightWindowR,int
a320/Panel/LightWindowOnR,int
a320/Panel/LightTableR,int
a320/Panel/LightShield,int
a320/Panel/LightDisplay,int
a320/Pedestal/LightFlood1,int
a320/Pedestal/LightFlood2,int
a320/Pedestal/LightInteg,int
a320/Pedestal/LightEWD,int
a320/Pedestal/LightSD,int
a320/Pedestal/CockpitDoorSwitch,int
a320/Pedestal/CockpitEntryShow,int
a320/Pedestal/ECAMCameraSelect,int
a320/Panel/FrontGPWS_L,int
a320/Panel/FrontXFR_L,int
a320/Panel/FrontPFD_L,int
a320/Panel/FrontND_L,int
a320/Panel/FrontOverlayL,int
a320/Panel/FrontConsoleL,int
a320/Panel/FrontSpeakerL,int
a320/Panel/FrontGPWS_R,int
a320/Panel/FrontXFR_R,int
a320/Panel/FrontPFD_R,int
a320/Panel/FrontND_R,int
a320/Panel/FrontOverlayR,int
a320/Panel/FrontConsoleR,int
a320/Panel/FrontSpeakerR,int
a320/Panel/ShieldSidestickL,int
a320/Panel/ShieldChronoL,int
a320/Panel/ShieldSidestickR,int
a320/Panel/ShieldChronoR,int
a320/Panel/ShieldMastCautL,int
a320/Panel/ShieldMastWarnL,int
a320/Panel/ShieldMastCautR,int
a320/Panel/ShieldMastWarnR,int
a320/Panel/BrakeAuto1,int
a320/Panel/BrakeAuto2,int
a320/Panel/BrakeAuto3,int
a320/Panel/BreakASkid,int
a320/Panel/InstBugs,int
a320/Panel/InstLS,int
a320/Panel/InstInc,int
a320/Panel/InstDec,int
a320/Panel/InstReset,int
a320/Panel/InstBaroMode,int
a320/Panel/InstBaro,float
a320/Panel/ClockReset,int
a320/Panel/ClockChrono,int
a320/Panel/ClockSelect,float
a320/Panel/ClockMode,int
a320/Panel/ClockElapsed,int
a320/Pedestal/EngineMode,int
a320/Pedestal/EngineMaster1,int
a320/Pedestal/EngineMaster2,int
a320/Pedestal/SelectIR,int
a320/Pedestal/SelectADR,int
a320/Pedestal/SelectDMC,int
a320/Pedestal/SelectXFR,int
a320/Pedestal/ECAM_CancProt,int
a320/Pedestal/ECAM_Button1,int
a320/Pedestal/ECAM_Button2,int
a320/Pedestal/ECAM_Button3,int
a320/Pedestal/ECAM_Button4,int
a320/Pedestal/ECAM_Button5,int
a320/Pedestal/ECAM_Button6,int
a320/Pedestal/ECAM_Button7,int
a320/Pedestal/ECAM_Button8,int
a320/Pedestal/ECAM_Button9,int
a320/Pedestal/ECAM_Button10,int
a320/Pedestal/ECAM_Button11,int
a320/Pedestal/ECAM_Button12,int
a320/Pedestal/ECAM_Button13,int
a320/Pedestal/ECAM_Button14,int
a320/Pedestal/ECAM_Button15,int
a320/Pedestal/ECAM_Button16,int
a320/Pedestal/ECAM_Button17,int
a320/Pedestal/ECAM_Button18,int
a320/Pedestal/EngineDisconnect1,int
a320/Pedestal/EngineDisconnect2,int
a320/Pedestal/RudderTrimm,int
a320/Pedestal/RudderTrimmReset,int
a320/Pedestal/ParkBrake,int
a320/Pedestal/GearsGravity,int
a320/Pedestal/ATC_System,int
a320/Pedestal/ATC_Mode,int
a320/Pedestal/ATC_Alt,int
a320/Pedestal/ATC_Num1,int
a320/Pedestal/ATC_Num2,int
a320/Pedestal/ATC_Num3,int
a320/Pedestal/ATC_Num4,int
a320/Pedestal/ATC_Num5,int
a320/Pedestal/ATC_Num6,int
a320/Pedestal/ATC_Num7,int
a320/Pedestal/ATC_Num8,int
a320/Pedestal/ATC_Num9,int
a320/Pedestal/ATC_Ident,int
a320/Pedestal/TCAS_Show,int
a320/Pedestal/TCAS_Traffic,int
a320/Overhead/FireAPU_Test,int
a320/Overhead/FireAPU_Agent,int
a320/Overhead/FireAPU_Prot,int
a320/Overhead/FireEngine1_Prot,int
a320/Overhead/FireEngine2_Test,int
a320/Overhead/FireEngine2_Agent1,int
a320/Overhead/FireEngine2_Agent2,int
a320/Overhead/FireEngine2_Prot,int
a320/Overhead/FireEngine1_Test,int
a320/Overhead/FireEngine1_Agent1,int
a320/Overhead/FireEngine1_Agent2,int
a320/Overhead/HydElecPumpB_Prot,int
a320/Overhead/HydElecPumpY,int
a320/Overhead/HydLeakPump,int
a320/Overhead/HydLeakPumpProt,int
a320/Overhead/HydLeakValveProtG,int
a320/Overhead/HydLeakValveProtY,int
a320/Overhead/HydLeakValveProtB,int
a320/Overhead/HydRAT,int
a320/Overhead/HydRAT_Prot,int
a320/Overhead/ElecExt,int
a320/Overhead/ElecIDG1,int
a320/Overhead/ElecIDG2,int
a320/Overhead/ElecIDG1_Prot,int
a320/Overhead/ElecIDG2_Prot,int
a320/Overhead/AirXBleed,int
a320/Overhead/CondRamAirProt,int
a320/Overhead/CondFlow,int
a320/Overhead/CondZone1,int
a320/Overhead/CondZone2,int
a320/Overhead/CondZone3,int
a320/Overhead/OxyMaskManProt,int
a320/CrewOxygen/StowageBoxLid1,int
a320/CrewOxygen/StowageBoxLid2,int
a320/Overhead/VentDitchingProt,int
a320/Overhead/PressControl,int
a320/Overhead/PressElevation,int
a320/Overhead/LightStrobe,int
a320/Overhead/LightBeacon,int
a320/Overhead/LightWing,int
a320/Overhead/LightLogo,int
a320/Overhead/LightTurn,int
a320/Overhead/LightLandL,int
a320/Overhead/LightLandR,int
a320/Overhead/LightNose,int
a320/Overhead/LightOverhead,int
a320/Overhead/LightReadingR,int
a320/Overhead/LightCompass,int
a320/Overhead/LightDome,int
a320/Overhead/LightAnnun,int
a320/Overhead/LightBelts,int
a320/Overhead/LightSmoke,int
a320/Overhead/LightEmerMode,int
a320/Overhead/APU_Start,int
a320/Overhead/CDU_ADR1,int
a320/Overhead/CDU_ADR2,int
a320/Overhead/CDU_ADR3,int
a320/Overhead/CDU_Mode1,int
a320/Overhead/CDU_Mode2,int
a320/Overhead/CDU_Mode3,int
a320/Overhead/EmerTest,int
a320/Overhead/EmerTestProt,int
a320/Overhead/EmerOvrd,int
a320/Overhead/EmerOvrdProt,int
a320/Overhead/RefuelControl,int
a320/Overhead/RefuelSel,int
a320/Overhead/EngineStart1_Prot,int
a320/Overhead/EngineStart2_Prot,int
a320/Overhead/EnginePower1_Prot,int
a320/Overhead/EnginePower2_Prot,int
a320/Overhead/APU_AutoTest,int
a320/Overhead/APU_AutoReset,int
a320/Overhead/Wiper1Mode,int
a320/Overhead/Wiper2Mode,int
a320/RMP1/Power,int
a320/RMP1/NavProt,int
a320/RMP1/COM1,int
a320/RMP1/COM2,int
a320/RMP1/COM3,int
a320/RMP1/COM4,int
a320/RMP1/COM5,int
a320/RMP1/COM6,int
a320/RMP1/NAV1,int
a320/RMP1/NAV2,int
a320/RMP1/NAV3,int
a320/RMP1/NAV4,int
a320/RMP1/NAV5,int
a320/RMP1/NAV6,int
a320/RMP1/Exchange,int
a320/RMP1/FreqInner,float
a320/RMP1/FreqOuter,float
a320/RMP2/Power,int
a320/RMP2/NavProt,int
a320/RMP2/COM1,int
a320/RMP2/COM2,int
a320/RMP2/COM3,int
a320/RMP2/COM4,int
a320/RMP2/COM5,int
a320/RMP2/COM6,int
a320/RMP2/NAV1,int
a320/RMP2/NAV2,int
a320/RMP2/NAV3,int
a320/RMP2/NAV4,int
a320/RMP2/NAV5,int
a320/RMP2/NAV6,int
a320/RMP2/Exchange,int
a320/RMP2/FreqInner,float
a320/RMP2/FreqOuter,float
a320/RMP3/Power,int
a320/RMP3/NavProt,int
a320/RMP3/COM1,int
a320/RMP3/COM2,int
a320/RMP3/COM3,int
a320/RMP3/COM4,int
a320/RMP3/COM5,int
a320/RMP3/COM6,int
a320/RMP3/NAV1,int
a320/RMP3/NAV2,int
a320/RMP3/NAV3,int
a320/RMP3/NAV4,int
a320/RMP3/NAV5,int
a320/RMP3/NAV6,int
a320/RMP3/Exchange,int
a320/RMP3/FreqInner,float
a320/RMP3/FreqOuter,float
a320/ACP1/Mode,int
a320/ACP1/Tran1,int
a320/ACP1/Tran2,int
a320/ACP1/Tran3,int
a320/ACP1/Tran4,int
a320/ACP1/Tran5,int
a320/ACP1/Tran6,int
a320/ACP1/Tran7,int
a320/ACP1/StatePA,int
a320/ACP1/Reset,int
a320/ACP1/RecvVolume1,int
a320/ACP1/RecvVolume2,int
a320/ACP1/RecvVolume3,int
a320/ACP1/RecvVolume4,int
a320/ACP1/RecvVolume5,int
a320/ACP1/RecvVolume6,int
a320/ACP1/RecvVolume7,int
a320/ACP1/RecvVolume8,int
a320/ACP1/RecvVolume9,int
a320/ACP1/RecvVolume10,int
a320/ACP1/RecvVolume11,int
a320/ACP1/RecvVolume12,int
a320/ACP1/RecvVolume13,int
a320/ACP1/RecvVolume14,int
a320/ACP1/RecvVolume15,int
a320/ACP2/Mode,int
a320/ACP2/Tran1,int
a320/ACP2/Tran2,int
a320/ACP2/Tran3,int
a320/ACP2/Tran4,int
a320/ACP2/Tran5,int
a320/ACP2/Tran6,int
a320/ACP2/Tran7,int
a320/ACP2/StatePA,int
a320/ACP2/Reset,int
a320/ACP2/RecvVolume1,int
a320/ACP2/RecvVolume2,int
a320/ACP2/RecvVolume3,int
a320/ACP2/RecvVolume4,int
a320/ACP2/RecvVolume5,int
a320/ACP2/RecvVolume6,int
a320/ACP2/RecvVolume7,int
a320/ACP2/RecvVolume8,int
a320/ACP2/RecvVolume9,int
a320/ACP2/RecvVolume10,int
a320/ACP2/RecvVolume11,int
a320/ACP2/RecvVolume12,int
a320/ACP2/RecvVolume13,int
a320/ACP2/RecvVolume14,int
a320/ACP2/RecvVolume15,int
a320/ACP3/Mode,int
a320/ACP3/Tran1,int
a320/ACP3/Tran2,int
a320/ACP3/Tran3,int
a320/ACP3/Tran4,int
a320/ACP3/Tran5,int
a320/ACP3/Tran6,int
a320/ACP3/Tran7,int
a320/ACP3/StatePA,int
a320/ACP3/Reset,int
a320/ACP3/RecvVolume1,int
a320/ACP3/RecvVolume2,int
a320/ACP3/RecvVolume3,int
a320/ACP3/RecvVolume4,int
a320/ACP3/RecvVolume5,int
a320/ACP3/RecvVolume6,int
a320/ACP3/RecvVolume7,int
a320/ACP3/RecvVolume8,int
a320/ACP3/RecvVolume9,int
a320/ACP3/RecvVolume10,int
a320/ACP3/RecvVolume11,int
a320/ACP3/RecvVolume12,int
a320/ACP3/RecvVolume13,int
a320/ACP3/RecvVolume14,int
a320/ACP3/RecvVolume15,int
a320/Panel/NavCompassCard,float
a320/Panel/NavCompassOpen,int
a320/Panel/SidestickTakeoverL,int
a320/Panel/SidestickTakeoverR,int
a320/Panel/SteerTakeoverL,int
a320/Panel/SteerTakeoverR,int
a320/Panel/TableL,int
a320/Panel/TableR,int
a320/Panel/SunProtL,int
a320/Panel/SunProtR,int
a320/Panel/ArmRestL,int
a320/Panel/ArmRestR,int
a320/Panel/WindowL,int
a320/Panel/WindowR,int
a320/Panel/WindowPinL,int
a320/Panel/WindowPinR,int
