sim/aircraft/autopilot/vvi_step_ft,float
sim/aircraft/autopilot/alt_step_ft,float
sim/cockpit/autopilot/autopilot_mode,int
sim/cockpit/autopilot/backcourse_on,int
sim/cockpit/autopilot/altitude,float
sim/cockpit/autopilot/current_altitude,float
sim/cockpit/autopilot/vertical_velocity,float
sim/cockpit/autopilot/airspeed,float
sim/cockpit/autopilot/heading,float
sim/cockpit/autopilot/heading_mag,float
sim/cockpit/autopilot/heading_mag2,float
sim/cockpit/autopilot/airspeed_is_mach,int
sim/cockpit/autopilot/flight_director_pitch,float
sim/cockpit/autopilot/flight_director_roll,float
sim/cockpit/autopilot/autopilot_state,int
sim/cockpit/autopilot/heading_roll_mode,int
sim/cockpit/autopilot/syn_hold_deg,float
sim/cockpit/autopilot/nav_steer_deg_mag,float
sim/cockpit/electrical/battery_on,int
sim/cockpit/electrical/battery_array_on,int[8]
sim/cockpit/electrical/avionics_on,int
sim/cockpit/electrical/generator_on,int[8]
sim/cockpit/electrical/generator_apu_on,int
sim/cockpit/electrical/gpu_on,int
sim/cockpit/electrical/generator_apu_amps,float
sim/cockpit/electrical/gpu_amps,float
sim/cockpit/electrical/HUD_on,int
sim/cockpit/electrical/HUD_brightness,float
sim/cockpit/electrical/beacon_lights_on,int
sim/cockpit/electrical/landing_lights_on,int
sim/cockpit/electrical/nav_lights_on,int
sim/cockpit/electrical/strobe_lights_on,int
sim/cockpit/electrical/taxi_light_on,int
sim/cockpit/electrical/cockpit_lights,float
sim/cockpit/electrical/instrument_brightness,float
sim/cockpit/electrical/ah_bar,float
sim/cockpit/electrical/battery_charge_watt_hr,float[8]
sim/cockpit/engine/inverter_on,int[2]
sim/cockpit/engine/fuel_pump_on,int[8]
sim/cockpit/engine/fadec_on,int[8]
sim/cockpit/engine/idle_speed,int[8]
sim/cockpit/engine/fuel_tank_selector,int
sim/cockpit/engine/fuel_tank_transfer,int
sim/cockpit/engine/fuel_tank_transfer_from,int
sim/cockpit/engine/ignition_on,int[8]
sim/cockpit/engine/igniters_on,int[8]
sim/cockpit/engine/starter_duration,float[8]
sim/cockpit/engine/clutch_engage,int
sim/cockpit/engine/APU_switch,int
sim/cockpit/engine/APU_running,int
sim/cockpit/g430/g430_nav_com_sel,int[2]
sim/cockpit/g1000/gcu478_input_sel,int
sim/cockpit/gyros/the_vac_ind_deg,float
sim/cockpit/gyros/the_ele_ind_deg,float
sim/cockpit/gyros/the_ind_deg3,float
sim/cockpit/gyros/the_ind_deg4,float
sim/cockpit/gyros/the_ind_vac_pilot_deg,float
sim/cockpit/gyros/the_ind_vac_copilot_deg,float
sim/cockpit/gyros/the_ind_elec_pilot_deg,float
sim/cockpit/gyros/the_ind_elec_copilot_deg,float
sim/cockpit/gyros/the_ind_ahars_pilot_deg,float
sim/cockpit/gyros/the_ind_ahars_copilot_deg,float
sim/cockpit/gyros/psi_vac_ind_degm,float
sim/cockpit/gyros/psi_ele_ind_degm,float
sim/cockpit/gyros/psi_ind_degm3,float
sim/cockpit/gyros/psi_ind_degm4,float
sim/cockpit/gyros/psi_ind_vac_pilot_degm,float
sim/cockpit/gyros/psi_ind_vac_copilot_degm,float
sim/cockpit/gyros/psi_ind_elec_pilot_degm,float
sim/cockpit/gyros/psi_ind_elec_copilot_degm,float
sim/cockpit/gyros/psi_ind_ahars_pilot_degm,float
sim/cockpit/gyros/psi_ind_ahars_copilot_degm,float
sim/cockpit/gyros/phi_vac_ind_deg,float
sim/cockpit/gyros/phi_ele_ind_deg,float
sim/cockpit/gyros/phi_ind_deg3,float
sim/cockpit/gyros/phi_ind_deg4,float
sim/cockpit/gyros/phi_ind_vac_pilot_deg,float
sim/cockpit/gyros/phi_ind_vac_copilot_deg,float
sim/cockpit/gyros/phi_ind_elec_pilot_deg,float
sim/cockpit/gyros/phi_ind_elec_copilot_deg,float
sim/cockpit/gyros/phi_ind_ahars_pilot_deg,float
sim/cockpit/gyros/phi_ind_ahars_copilot_deg,float
sim/cockpit/gyros/dg_drift_vac_deg,float
sim/cockpit/gyros/dg_drift_vac2_deg,float
sim/cockpit/gyros/dg_drift_ele_deg,float
sim/cockpit/gyros/dg_drift_ele2_deg,float
sim/cockpit/gyros/dg_drift_ahars_deg,float
sim/cockpit/gyros/dg_drift_ahars2_deg,float
sim/cockpit/gyros/gyr_force,float[6]
sim/cockpit/gyros/gyr_spin,float[6]
sim/cockpit/gyros/gyr_free_slaved,int[6]
sim/cockpit/gyros/gyr_cage_ratio,float[6]
sim/cockpit/misc/barometer_setting,float
sim/cockpit/misc/barometer_setting2,float
sim/cockpit/misc/radio_altimeter_minimum,float
sim/cockpit/misc/vacuum,float
sim/cockpit/misc/vacuum2,float
sim/cockpit/misc/ah_adjust,float
sim/cockpit/misc/ah_adjust2,float
sim/cockpit/misc/compass_indicated,float
sim/cockpit/misc/hydraulic_quantity,float
sim/cockpit/misc/hydraulic_quantity2,float
sim/cockpit/pressure/bleed_air_on,int
sim/cockpit/pressure/bleed_air_mode,int
sim/cockpit/pressure/cabin_altitude_set_m_msl,float
sim/cockpit/pressure/cabin_vvi_set_m_msec,float
sim/cockpit/pressure/cabin_pressure_differential_psi,float
sim/cockpit/pressure/cabin_altitude_actual_m_msl,float
sim/cockpit/pressure/cabin_vvi_actual_m_msec,float
sim/cockpit/pressure/pressure_test_timeout,float
sim/cockpit/pressure/dump_all,int
sim/cockpit/pressure/dump_to_alt,int
sim/cockpit/pressure/outflow_valve,float
sim/cockpit/radios/nav1_freq_hz,int
sim/cockpit/radios/nav2_freq_hz,int
sim/cockpit/radios/com1_freq_hz,int
sim/cockpit/radios/com2_freq_hz,int
sim/cockpit/radios/adf1_freq_hz,int
sim/cockpit/radios/adf2_freq_hz,int
sim/cockpit/radios/dme_freq_hz,int
sim/cockpit/radios/nav1_stdby_freq_hz,int
sim/cockpit/radios/nav2_stdby_freq_hz,int
sim/cockpit/radios/com1_stdby_freq_hz,int
sim/cockpit/radios/com2_stdby_freq_hz,int
sim/cockpit/radios/adf1_stdby_freq_hz,int
sim/cockpit/radios/adf2_stdby_freq_hz,int
sim/cockpit/radios/dme_stdby_freq_hz,int
sim/cockpit/radios/nav1_obs_degt,float
sim/cockpit/radios/nav2_obs_degt,float
sim/cockpit/radios/nav1_obs_degm,float
sim/cockpit/radios/nav1_obs_degm2,float
sim/cockpit/radios/nav2_obs_degm,float
sim/cockpit/radios/nav2_obs_degm2,float
sim/cockpit/radios/nav1_dir_degt,float
sim/cockpit/radios/nav2_dir_degt,float
sim/cockpit/radios/adf1_dir_degt,float
sim/cockpit/radios/adf2_dir_degt,float
sim/cockpit/radios/gps_dir_degt,float
sim/cockpit/radios/gps2_dir_degt,float
sim/cockpit/radios/nav1_hdef_dot,float
sim/cockpit/radios/nav1_hdef_dot2,float
sim/cockpit/radios/nav2_hdef_dot,float
sim/cockpit/radios/nav2_hdef_dot2,float
sim/cockpit/radios/gps_hdef_dot,float
sim/cockpit/radios/gps_hdef_dot2,float
sim/cockpit/radios/gps2_hdef_dot,float
sim/cockpit/radios/gps2_hdef_dot2,float
sim/cockpit/radios/nav1_vdef_dot,float
sim/cockpit/radios/nav1_vdef_dot2,float
sim/cockpit/radios/nav2_vdef_dot,float
sim/cockpit/radios/nav2_vdef_dot2,float
sim/cockpit/radios/gps_vdef_dot,float
sim/cockpit/radios/gps_vdef_dot2,float
sim/cockpit/radios/gps2_vdef_dot,float
sim/cockpit/radios/gps2_vdef_dot2,float
sim/cockpit/radios/nav1_fromto,int
sim/cockpit/radios/nav1_fromto2,int
sim/cockpit/radios/nav2_fromto,int
sim/cockpit/radios/nav2_fromto2,int
sim/cockpit/radios/gps_fromto,int
sim/cockpit/radios/gps_fromto2,int
sim/cockpit/radios/gps2_fromto,int
sim/cockpit/radios/gps2_fromto2,int
sim/cockpit/radios/nav1_dme_dist_m,float
sim/cockpit/radios/nav2_dme_dist_m,float
sim/cockpit/radios/adf1_dme_dist_m,float
sim/cockpit/radios/adf2_dme_dist_m,float
sim/cockpit/radios/gps_dme_dist_m,float
sim/cockpit/radios/gps2_dme_dist_m,float
sim/cockpit/radios/standalone_dme_dist_m,float
sim/cockpit/radios/nav1_dme_speed_kts,float
sim/cockpit/radios/nav2_dme_speed_kts,float
sim/cockpit/radios/adf1_dme_speed_kts,float
sim/cockpit/radios/adf2_dme_speed_kts,float
sim/cockpit/radios/gps_dme_speed_kts,float
sim/cockpit/radios/gps2_dme_speed_kts,float
sim/cockpit/radios/standalone_dme_speed_kts,float
sim/cockpit/radios/nav1_dme_time_secs,float
sim/cockpit/radios/nav2_dme_time_secs,float
sim/cockpit/radios/adf1_dme_time_secs,float
sim/cockpit/radios/adf2_dme_time_secs,float
sim/cockpit/radios/gps_dme_time_secs,float
sim/cockpit/radios/gps2_dme_time_secs,float
sim/cockpit/radios/standalone_dme_time_secs,float
sim/cockpit/radios/nav1_course_degm,float
sim/cockpit/radios/nav1_course_degm2,float
sim/cockpit/radios/nav2_course_degm,float
sim/cockpit/radios/nav2_course_degm2,float
sim/cockpit/radios/gps_course_degtm,float
sim/cockpit/radios/gps_course_degtm2,float
sim/cockpit/radios/gps2_course_degtm,float
sim/cockpit/radios/gps2_course_degtm2,float
sim/cockpit/radios/nav1_slope_degt,float
sim/cockpit/radios/nav2_slope_degt,float
sim/cockpit/radios/gps_slope_degt,float
sim/cockpit/radios/gps2_slope_degt,float
sim/cockpit/radios/gps_gp_mtr_per_dot,float
sim/cockpit/radios/gps2_gp_mtr_per_dot,float
sim/cockpit/radios/gps_hdef_nm_per_dot,float
sim/cockpit/radios/gps2_hdef_nm_per_dot,float
sim/cockpit/radios/transponder_code,int
sim/cockpit/radios/transponder_brightness,float
sim/cockpit/radios/transponder_mode,int
sim/cockpit/radios/nav1_cardinal_dir,float
sim/cockpit/radios/nav1_cardinal_dir2,float
sim/cockpit/radios/nav2_cardinal_dir,float
sim/cockpit/radios/nav2_cardinal_dir2,float
sim/cockpit/radios/adf1_cardinal_dir,float
sim/cockpit/radios/adf1_cardinal_dir2,float
sim/cockpit/radios/adf2_cardinal_dir,float
sim/cockpit/radios/adf2_cardinal_dir2,float
sim/cockpit/radios/obs_mag,float
sim/cockpit/radios/gear_audio_working,int
sim/cockpit/radios/marker_audio_working,int
sim/cockpit/radios/ap_src,int
sim/cockpit/radios/nav_com_adf_mode,int
sim/cockpit/switches/DME_radio_selector,int
sim/cockpit/switches/DME_distance_or_time,int
sim/cockpit/switches/HSI_selector,int
sim/cockpit/switches/HSI_selector2,int
sim/cockpit/switches/RMI_selector,int
sim/cockpit/switches/RMI_selector2,int
sim/cockpit/switches/RMI_l_vor_adf_selector,int
sim/cockpit/switches/RMI_l_vor_adf_selector2,int
sim/cockpit/switches/RMI_r_vor_adf_selector,int
sim/cockpit/switches/RMI_r_vor_adf_selector2,int
sim/cockpit/switches/EFIS_dme_1_selector,int
sim/cockpit/switches/EFIS_dme_2_selector,int
sim/cockpit/switches/marker_panel_out,int
sim/cockpit/switches/audio_panel_out,int
sim/cockpit/switches/anti_ice_on,int
sim/cockpit/switches/anti_ice_inlet_heat,int
sim/cockpit/switches/anti_ice_inlet_heat_per_engine,int[8]
sim/cockpit/switches/anti_ice_prop_heat,int
sim/cockpit/switches/anti_ice_prop_heat_per_engine,int[8]
sim/cockpit/switches/anti_ice_window_heat,int
sim/cockpit/switches/pitot_heat_on,int
sim/cockpit/switches/pitot_heat_on2,int
sim/cockpit/switches/static_heat_on,int
sim/cockpit/switches/static_heat_on2,int
sim/cockpit/switches/anti_ice_AOA_heat,int
sim/cockpit/switches/anti_ice_AOA_heat2,int
sim/cockpit/switches/anti_ice_surf_heat,int
sim/cockpit/switches/anti_ice_surf_heat_left,int
sim/cockpit/switches/anti_ice_surf_heat_right,int
sim/cockpit/switches/anti_ice_surf_boot,int
sim/cockpit/switches/anti_ice_auto_ignite,int
sim/cockpit/switches/ice_detect,int
sim/cockpit/switches/auto_brake_settings,int
sim/cockpit/switches/auto_feather_mode,int
sim/cockpit/switches/yaw_damper_on,int
sim/cockpit/switches/art_stab_on,int
sim/cockpit/switches/parachute_on,int
sim/cockpit/switches/jato_on,int
sim/cockpit/switches/prop_sync_on,int
sim/cockpit/switches/puffers_on,int
sim/cockpit/switches/water_scoop,int
sim/cockpit/switches/arresting_gear,int
sim/cockpit/switches/canopy_req,int
sim/cockpit/switches/dumping_fuel,int
sim/cockpit/switches/EFIS_map_mode,int
sim/cockpit/switches/EFIS_map_submode,int
sim/cockpit/switches/EFIS_map_range_selector,int
sim/cockpit/switches/ECAM_mode,int
sim/cockpit/switches/gear_handle_status,int
sim/cockpit/switches/EFIFS_shows_weather,int
sim/cockpit/switches/EFIS_shows_weather,int
sim/cockpit/switches/EFIS_weather_alpha,float
sim/cockpit/switches/EFIS_shows_tcas,int
sim/cockpit/switches/EFIS_shows_airports,int
sim/cockpit/switches/EFIS_shows_waypoints,int
sim/cockpit/switches/EFIS_shows_VORs,int
sim/cockpit/switches/EFIS_shows_NDBs,int
sim/cockpit/switches/argus_mode,int
sim/cockpit/switches/no_smoking,int
sim/cockpit/switches/fasten_seat_belts,int
sim/cockpit/warnings/master_caution_timeout,float
sim/cockpit/warnings/master_caution_on,float
sim/cockpit/warnings/master_warning_on,float
sim/cockpit/warnings/master_accept_on,float
sim/cockpit/warnings/annunciator_test_timeout,float
sim/cockpit/warnings/annunciators/master_caution,int
sim/cockpit/warnings/annunciators/master_warning,int
sim/cockpit/warnings/annunciators/master_accept,int
sim/cockpit/warnings/annunciators/autopilot_disconnect,int
sim/cockpit/warnings/annunciators/low_vacuum,int
sim/cockpit/warnings/annunciators/low_voltage,int
sim/cockpit/warnings/annunciators/fuel_quantity,int
sim/cockpit/warnings/annunciators/hydraulic_pressure,int
sim/cockpit/warnings/annunciators/speedbrake,int
sim/cockpit/warnings/annunciators/GPWS,int
sim/cockpit/warnings/annunciators/ice,int
sim/cockpit/warnings/annunciators/lo_rotor,int
sim/cockpit/warnings/annunciators/hi_rotor,int
sim/cockpit/warnings/annunciators/pitot_heat_off,int
sim/cockpit/warnings/annunciators/transonic,int
sim/cockpit/warnings/annunciators/slats,int
sim/cockpit/warnings/annunciators/flight_director,int
sim/cockpit/warnings/annunciators/autopilot,int
sim/cockpit/warnings/annunciators/yaw_damper,int
sim/cockpit/warnings/annunciators/fuel_pressure_low,int[8]
sim/cockpit/warnings/annunciators/oil_pressure_low,int[8]
sim/cockpit/warnings/annunciators/oil_temperature_high,int[8]
sim/cockpit/warnings/annunciators/generator_off,int[8]
sim/cockpit/warnings/annunciators/chip_detected,int[8]
sim/cockpit/warnings/annunciators/engine_fires,int[8]
sim/cockpit/warnings/annunciators/igniter_on,int[8]
sim/cockpit/warnings/annunciators/reverser_on,int[8]
sim/cockpit/warnings/annunciators/burner_on,int[8]
sim/cockpit/warnings/annunciators/inverter_off,int[2]
sim/cockpit/warnings/annunciators/N1_low,int[8]
sim/cockpit/warnings/annunciators/N1_high,int[8]
sim/cockpit/warnings/annunciators/reverser_not_ready,int[8]
sim/cockpit/warnings/annunciators/ice_vane_extend,int[8]
sim/cockpit/warnings/annunciators/ice_vane_fail,int[8]
sim/cockpit/warnings/annunciators/bleed_air_off,int[8]
sim/cockpit/warnings/annunciators/bleed_air_fail,int[8]
sim/cockpit/warnings/annunciators/auto_feather_arm,int[8]
sim/cockpit/warnings/annunciators/fuel_transfer,int[9]
sim/cockpit/warnings/annunciators/hvac,int
sim/cockpit/warnings/annunciators/battery_charge_hi,int
sim/cockpit/warnings/annunciators/cabin_altitude_12500,int
sim/cockpit/warnings/annunciators/autopilot_trim_fail,int
sim/cockpit/warnings/annunciators/electric_trim_off,int
sim/cockpit/warnings/annunciators/crossfeed_on,int
sim/cockpit/warnings/annunciators/landing_taxi_lite,int
sim/cockpit/warnings/annunciators/cabin_door_open,int
sim/cockpit/warnings/annunciators/external_power_on,int
sim/cockpit/warnings/annunciators/passenger_oxy_on,int
sim/cockpit/warnings/annunciators/gear_unsafe,int
sim/cockpit/warnings/annunciators/autopilot_trim_down,int
sim/cockpit/warnings/annunciators/autopilot_trim_up,int
sim/cockpit/warnings/annunciators/autopilot_bank_limit,int
sim/cockpit/warnings/annunciators/autopilot_soft_ride,int
sim/cockpit/warnings/annunciators/no_inverters,int
sim/cockpit/warnings/annunciators/fuel_pressure,int
sim/cockpit/warnings/annunciators/oil_pressure,int
sim/cockpit/warnings/annunciators/oil_temperature,int
sim/cockpit/warnings/annunciators/generator,int
sim/cockpit/warnings/annunciators/chip_detect,int
sim/cockpit/warnings/annunciators/engine_fire,int
sim/cockpit/warnings/annunciators/auto_ignition,int
sim/cockpit/warnings/annunciators/reverse,int
sim/cockpit/warnings/annunciators/afterburners_on,int
sim/cockpit/warnings/annunciators/inverter,int
sim/flightmodel/controls/sbrkrat,float
sim/flightmodel/controls/flaprqst,float
sim/flightmodel/controls/tail_lock_rat,float
sim/flightmodel/controls/ail_trim,float
sim/flightmodel/controls/dist,float
sim/flightmodel/controls/elv_trim,float
sim/flightmodel/controls/flaprat,float
sim/flightmodel/controls/flap2rat,float
sim/flightmodel/controls/l_brake_add,float
sim/flightmodel/controls/r_brake_add,float
sim/flightmodel/controls/lail1def,float
sim/flightmodel/controls/lail2def,float
sim/flightmodel/controls/rail1def,float
sim/flightmodel/controls/rail2def,float
sim/flightmodel/controls/ldruddef,float
sim/flightmodel/controls/rdruddef,float
sim/flightmodel/controls/lsplrdef,float
sim/flightmodel/controls/rsplrdef,float
sim/flightmodel/controls/ail1_def,float[56]
sim/flightmodel/controls/ail2_def,float[56]
sim/flightmodel/controls/splr_def,float[56]
sim/flightmodel/controls/splr2_def,float[56]
sim/flightmodel/controls/yawb_def,float[56]
sim/flightmodel/controls/rudd_def,float[56]
sim/flightmodel/controls/rudd2_def,float[56]
sim/flightmodel/controls/elv1_def,float[56]
sim/flightmodel/controls/elv2_def,float[56]
sim/flightmodel/controls/fla1_def,float[56]
sim/flightmodel/controls/fla2_def,float[56]
sim/flightmodel/controls/sbrkrqst,float
sim/flightmodel/controls/vectrqst,float
sim/flightmodel/controls/swdi,float
sim/flightmodel/controls/swdirqst,float
sim/flightmodel/controls/slatrat,float
sim/flightmodel/controls/parkbrake,float
sim/flightmodel/controls/rot_trim,float
sim/flightmodel/controls/rud_trim,float
sim/flightmodel/controls/incid_rqst,float
sim/flightmodel/controls/dihed_rqst,float
sim/flightmodel/controls/vect_rat,float
sim/flightmodel/controls/incid_rat,float
sim/flightmodel/controls/dihed_rat,float
sim/flightmodel/controls/tailhook_ratio,float
sim/flightmodel/controls/canopy_ratio,float
sim/flightmodel/controls/wing1l_ail1def,float
sim/flightmodel/controls/wing1l_ail2def,float
sim/flightmodel/controls/wing1r_ail1def,float
sim/flightmodel/controls/wing1r_ail2def,float
sim/flightmodel/controls/wing2l_ail1def,float
sim/flightmodel/controls/wing2l_ail2def,float
sim/flightmodel/controls/wing2r_ail1def,float
sim/flightmodel/controls/wing2r_ail2def,float
sim/flightmodel/controls/wing3l_ail1def,float
sim/flightmodel/controls/wing3l_ail2def,float
sim/flightmodel/controls/wing3r_ail1def,float
sim/flightmodel/controls/wing3r_ail2def,float
sim/flightmodel/controls/wing4l_ail1def,float
sim/flightmodel/controls/wing4l_ail2def,float
sim/flightmodel/controls/wing4r_ail1def,float
sim/flightmodel/controls/wing4r_ail2def,float
sim/flightmodel/controls/wing1l_spo1def,float
sim/flightmodel/controls/wing1l_spo2def,float
sim/flightmodel/controls/wing1r_spo1def,float
sim/flightmodel/controls/wing1r_spo2def,float
sim/flightmodel/controls/wing2l_spo1def,float
sim/flightmodel/controls/wing2l_spo2def,float
sim/flightmodel/controls/wing2r_spo1def,float
sim/flightmodel/controls/wing2r_spo2def,float
sim/flightmodel/controls/wing3l_spo1def,float
sim/flightmodel/controls/wing3l_spo2def,float
sim/flightmodel/controls/wing3r_spo1def,float
sim/flightmodel/controls/wing3r_spo2def,float
sim/flightmodel/controls/wing4l_spo1def,float
sim/flightmodel/controls/wing4l_spo2def,float
sim/flightmodel/controls/wing4r_spo1def,float
sim/flightmodel/controls/wing4r_spo2def,float
sim/flightmodel/controls/wing1l_fla1def,float
sim/flightmodel/controls/wing1l_fla2def,float
sim/flightmodel/controls/wing1r_fla1def,float
sim/flightmodel/controls/wing1r_fla2def,float
sim/flightmodel/controls/wing2l_fla1def,float
sim/flightmodel/controls/wing2l_fla2def,float
sim/flightmodel/controls/wing2r_fla1def,float
sim/flightmodel/controls/wing2r_fla2def,float
sim/flightmodel/controls/wing3l_fla1def,float
sim/flightmodel/controls/wing3l_fla2def,float
sim/flightmodel/controls/wing3r_fla1def,float
sim/flightmodel/controls/wing3r_fla2def,float
sim/flightmodel/controls/wing4l_fla1def,float
sim/flightmodel/controls/wing4l_fla2def,float
sim/flightmodel/controls/wing4r_fla1def,float
sim/flightmodel/controls/wing4r_fla2def,float
sim/flightmodel/controls/wing1l_yawbdef,float
sim/flightmodel/controls/wing1r_yawbdef,float
sim/flightmodel/controls/wing2l_yawbdef,float
sim/flightmodel/controls/wing2r_yawbdef,float
sim/flightmodel/controls/wing3l_yawbdef,float
sim/flightmodel/controls/wing3r_yawbdef,float
sim/flightmodel/controls/wing4l_yawbdef,float
sim/flightmodel/controls/wing4r_yawbdef,float
sim/flightmodel/controls/hstab1_elv1def,float
sim/flightmodel/controls/hstab1_elv2def,float
sim/flightmodel/controls/hstab2_elv1def,float
sim/flightmodel/controls/hstab2_elv2def,float
sim/flightmodel/controls/vstab1_rud1def,float
sim/flightmodel/controls/vstab1_rud2def,float
sim/flightmodel/controls/vstab2_rud1def,float
sim/flightmodel/controls/vstab2_rud2def,float
sim/flightmodel/controls/mwing01_ail1def,float
sim/flightmodel/controls/mwing01_ail2def,float
sim/flightmodel/controls/mwing01_spo1def,float
sim/flightmodel/controls/mwing01_spo2def,float
sim/flightmodel/controls/mwing01_fla1def,float
sim/flightmodel/controls/mwing01_fla2def,float
sim/flightmodel/controls/mwing01_yawbdef,float
sim/flightmodel/controls/mwing01_elv1def,float
sim/flightmodel/controls/mwing01_elv2def,float
sim/flightmodel/controls/mwing01_rud1def,float
sim/flightmodel/controls/mwing01_rud2def,float
sim/flightmodel/controls/mwing02_ail1def,float
sim/flightmodel/controls/mwing02_ail2def,float
sim/flightmodel/controls/mwing02_spo1def,float
sim/flightmodel/controls/mwing02_spo2def,float
sim/flightmodel/controls/mwing02_fla1def,float
sim/flightmodel/controls/mwing02_fla2def,float
sim/flightmodel/controls/mwing02_yawbdef,float
sim/flightmodel/controls/mwing02_elv1def,float
sim/flightmodel/controls/mwing02_elv2def,float
sim/flightmodel/controls/mwing02_rud1def,float
sim/flightmodel/controls/mwing02_rud2def,float
sim/flightmodel/controls/mwing03_ail1def,float
sim/flightmodel/controls/mwing03_ail2def,float
sim/flightmodel/controls/mwing03_spo1def,float
sim/flightmodel/controls/mwing03_spo2def,float
sim/flightmodel/controls/mwing03_fla1def,float
sim/flightmodel/controls/mwing03_fla2def,float
sim/flightmodel/controls/mwing03_yawbdef,float
sim/flightmodel/controls/mwing03_elv1def,float
sim/flightmodel/controls/mwing03_elv2def,float
sim/flightmodel/controls/mwing03_rud1def,float
sim/flightmodel/controls/mwing03_rud2def,float
sim/flightmodel/controls/mwing04_ail1def,float
sim/flightmodel/controls/mwing04_ail2def,float
sim/flightmodel/controls/mwing04_spo1def,float
sim/flightmodel/controls/mwing04_spo2def,float
sim/flightmodel/controls/mwing04_fla1def,float
sim/flightmodel/controls/mwing04_fla2def,float
sim/flightmodel/controls/mwing04_yawbdef,float
sim/flightmodel/controls/mwing04_elv1def,float
sim/flightmodel/controls/mwing04_elv2def,float
sim/flightmodel/controls/mwing04_rud1def,float
sim/flightmodel/controls/mwing04_rud2def,float
sim/flightmodel/controls/mwing05_ail1def,float
sim/flightmodel/controls/mwing05_ail2def,float
sim/flightmodel/controls/mwing05_spo1def,float
sim/flightmodel/controls/mwing05_spo2def,float
sim/flightmodel/controls/mwing05_fla1def,float
sim/flightmodel/controls/mwing05_fla2def,float
sim/flightmodel/controls/mwing05_yawbdef,float
sim/flightmodel/controls/mwing05_elv1def,float
sim/flightmodel/controls/mwing05_elv2def,float
sim/flightmodel/controls/mwing05_rud1def,float
sim/flightmodel/controls/mwing05_rud2def,float
sim/flightmodel/controls/mwing06_ail1def,float
sim/flightmodel/controls/mwing06_ail2def,float
sim/flightmodel/controls/mwing06_spo1def,float
sim/flightmodel/controls/mwing06_spo2def,float
sim/flightmodel/controls/mwing06_fla1def,float
sim/flightmodel/controls/mwing06_fla2def,float
sim/flightmodel/controls/mwing06_yawbdef,float
sim/flightmodel/controls/mwing06_elv1def,float
sim/flightmodel/controls/mwing06_elv2def,float
sim/flightmodel/controls/mwing06_rud1def,float
sim/flightmodel/controls/mwing06_rud2def,float
sim/flightmodel/controls/mwing07_ail1def,float
sim/flightmodel/controls/mwing07_ail2def,float
sim/flightmodel/controls/mwing07_spo1def,float
sim/flightmodel/controls/mwing07_spo2def,float
sim/flightmodel/controls/mwing07_fla1def,float
sim/flightmodel/controls/mwing07_fla2def,float
sim/flightmodel/controls/mwing07_yawbdef,float
sim/flightmodel/controls/mwing07_elv1def,float
sim/flightmodel/controls/mwing07_elv2def,float
sim/flightmodel/controls/mwing07_rud1def,float
sim/flightmodel/controls/mwing07_rud2def,float
sim/flightmodel/controls/mwing08_ail1def,float
sim/flightmodel/controls/mwing08_ail2def,float
sim/flightmodel/controls/mwing08_spo1def,float
sim/flightmodel/controls/mwing08_spo2def,float
sim/flightmodel/controls/mwing08_fla1def,float
sim/flightmodel/controls/mwing08_fla2def,float
sim/flightmodel/controls/mwing08_yawbdef,float
sim/flightmodel/controls/mwing08_elv1def,float
sim/flightmodel/controls/mwing08_elv2def,float
sim/flightmodel/controls/mwing08_rud1def,float
sim/flightmodel/controls/mwing08_rud2def,float
sim/flightmodel/controls/mwing09_ail1def,float
sim/flightmodel/controls/mwing09_ail2def,float
sim/flightmodel/controls/mwing09_spo1def,float
sim/flightmodel/controls/mwing09_spo2def,float
sim/flightmodel/controls/mwing09_fla1def,float
sim/flightmodel/controls/mwing09_fla2def,float
sim/flightmodel/controls/mwing09_yawbdef,float
sim/flightmodel/controls/mwing09_elv1def,float
sim/flightmodel/controls/mwing09_elv2def,float
sim/flightmodel/controls/mwing09_rud1def,float
sim/flightmodel/controls/mwing09_rud2def,float
sim/flightmodel/controls/mwing10_ail1def,float
sim/flightmodel/controls/mwing10_ail2def,float
sim/flightmodel/controls/mwing10_spo1def,float
sim/flightmodel/controls/mwing10_spo2def,float
sim/flightmodel/controls/mwing10_fla1def,float
sim/flightmodel/controls/mwing10_fla2def,float
sim/flightmodel/controls/mwing10_yawbdef,float
sim/flightmodel/controls/mwing10_elv1def,float
sim/flightmodel/controls/mwing10_elv2def,float
sim/flightmodel/controls/mwing10_rud1def,float
sim/flightmodel/controls/mwing10_rud2def,float
sim/flightmodel/controls/mwing11_ail1def,float
sim/flightmodel/controls/mwing11_ail2def,float
sim/flightmodel/controls/mwing11_spo1def,float
sim/flightmodel/controls/mwing11_spo2def,float
sim/flightmodel/controls/mwing11_fla1def,float
sim/flightmodel/controls/mwing11_fla2def,float
sim/flightmodel/controls/mwing11_yawbdef,float
sim/flightmodel/controls/mwing11_elv1def,float
sim/flightmodel/controls/mwing11_elv2def,float
sim/flightmodel/controls/mwing11_rud1def,float
sim/flightmodel/controls/mwing11_rud2def,float
sim/flightmodel/controls/mwing12_ail1def,float
sim/flightmodel/controls/mwing12_ail2def,float
sim/flightmodel/controls/mwing12_spo1def,float
sim/flightmodel/controls/mwing12_spo2def,float
sim/flightmodel/controls/mwing12_fla1def,float
sim/flightmodel/controls/mwing12_fla2def,float
sim/flightmodel/controls/mwing12_yawbdef,float
sim/flightmodel/controls/mwing12_elv1def,float
sim/flightmodel/controls/mwing12_elv2def,float
sim/flightmodel/controls/mwing12_rud1def,float
sim/flightmodel/controls/mwing12_rud2def,float
sim/flightmodel/controls/mwing13_ail1def,float
sim/flightmodel/controls/mwing13_ail2def,float
sim/flightmodel/controls/mwing13_spo1def,float
sim/flightmodel/controls/mwing13_spo2def,float
sim/flightmodel/controls/mwing13_fla1def,float
sim/flightmodel/controls/mwing13_fla2def,float
sim/flightmodel/controls/mwing13_yawbdef,float
sim/flightmodel/controls/mwing13_elv1def,float
sim/flightmodel/controls/mwing13_elv2def,float
sim/flightmodel/controls/mwing13_rud1def,float
sim/flightmodel/controls/mwing13_rud2def,float
sim/flightmodel/controls/mwing14_ail1def,float
sim/flightmodel/controls/mwing14_ail2def,float
sim/flightmodel/controls/mwing14_spo1def,float
sim/flightmodel/controls/mwing14_spo2def,float
sim/flightmodel/controls/mwing14_fla1def,float
sim/flightmodel/controls/mwing14_fla2def,float
sim/flightmodel/controls/mwing14_yawbdef,float
sim/flightmodel/controls/mwing14_elv1def,float
sim/flightmodel/controls/mwing14_elv2def,float
sim/flightmodel/controls/mwing14_rud1def,float
sim/flightmodel/controls/mwing14_rud2def,float
sim/flightmodel/controls/mwing15_ail1def,float
sim/flightmodel/controls/mwing15_ail2def,float
sim/flightmodel/controls/mwing15_spo1def,float
sim/flightmodel/controls/mwing15_spo2def,float
sim/flightmodel/controls/mwing15_fla1def,float
sim/flightmodel/controls/mwing15_fla2def,float
sim/flightmodel/controls/mwing15_yawbdef,float
sim/flightmodel/controls/mwing15_elv1def,float
sim/flightmodel/controls/mwing15_elv2def,float
sim/flightmodel/controls/mwing15_rud1def,float
sim/flightmodel/controls/mwing15_rud2def,float
sim/flightmodel/controls/mwing16_ail1def,float
sim/flightmodel/controls/mwing16_ail2def,float
sim/flightmodel/controls/mwing16_spo1def,float
sim/flightmodel/controls/mwing16_spo2def,float
sim/flightmodel/controls/mwing16_fla1def,float
sim/flightmodel/controls/mwing16_fla2def,float
sim/flightmodel/controls/mwing16_yawbdef,float
sim/flightmodel/controls/mwing16_elv1def,float
sim/flightmodel/controls/mwing16_elv2def,float
sim/flightmodel/controls/mwing16_rud1def,float
sim/flightmodel/controls/mwing16_rud2def,float
sim/flightmodel/controls/mwing17_ail1def,float
sim/flightmodel/controls/mwing17_ail2def,float
sim/flightmodel/controls/mwing17_spo1def,float
sim/flightmodel/controls/mwing17_spo2def,float
sim/flightmodel/controls/mwing17_fla1def,float
sim/flightmodel/controls/mwing17_fla2def,float
sim/flightmodel/controls/mwing17_yawbdef,float
sim/flightmodel/controls/mwing17_elv1def,float
sim/flightmodel/controls/mwing17_elv2def,float
sim/flightmodel/controls/mwing17_rud1def,float
sim/flightmodel/controls/mwing17_rud2def,float
sim/flightmodel/controls/mwing18_ail1def,float
sim/flightmodel/controls/mwing18_ail2def,float
sim/flightmodel/controls/mwing18_spo1def,float
sim/flightmodel/controls/mwing18_spo2def,float
sim/flightmodel/controls/mwing18_fla1def,float
sim/flightmodel/controls/mwing18_fla2def,float
sim/flightmodel/controls/mwing18_yawbdef,float
sim/flightmodel/controls/mwing18_elv1def,float
sim/flightmodel/controls/mwing18_elv2def,float
sim/flightmodel/controls/mwing18_rud1def,float
sim/flightmodel/controls/mwing18_rud2def,float
sim/flightmodel/controls/mwing19_ail1def,float
sim/flightmodel/controls/mwing19_ail2def,float
sim/flightmodel/controls/mwing19_spo1def,float
sim/flightmodel/controls/mwing19_spo2def,float
sim/flightmodel/controls/mwing19_fla1def,float
sim/flightmodel/controls/mwing19_fla2def,float
sim/flightmodel/controls/mwing19_yawbdef,float
sim/flightmodel/controls/mwing19_elv1def,float
sim/flightmodel/controls/mwing19_elv2def,float
sim/flightmodel/controls/mwing19_rud1def,float
sim/flightmodel/controls/mwing19_rud2def,float
sim/flightmodel/controls/mwing20_ail1def,float
sim/flightmodel/controls/mwing20_ail2def,float
sim/flightmodel/controls/mwing20_spo1def,float
sim/flightmodel/controls/mwing20_spo2def,float
sim/flightmodel/controls/mwing20_fla1def,float
sim/flightmodel/controls/mwing20_fla2def,float
sim/flightmodel/controls/mwing20_yawbdef,float
sim/flightmodel/controls/mwing20_elv1def,float
sim/flightmodel/controls/mwing20_elv2def,float
sim/flightmodel/controls/mwing20_rud1def,float
sim/flightmodel/controls/mwing20_rud2def,float
sim/flightmodel/controls/wing1l_retract,int
sim/flightmodel/controls/wing1r_retract,int
sim/flightmodel/controls/wing2l_retract,int
sim/flightmodel/controls/wing2r_retract,int
sim/flightmodel/controls/wing3l_retract,int
sim/flightmodel/controls/wing3r_retract,int
sim/flightmodel/controls/wing4l_retract,int
sim/flightmodel/controls/wing4r_retract,int
sim/flightmodel/controls/hstab1_retract,int
sim/flightmodel/controls/hstab2_retract,int
sim/flightmodel/controls/vstab1_retract,int
sim/flightmodel/controls/vstab2_retract,int
sim/flightmodel/controls/mwing01_retract,int
sim/flightmodel/controls/mwing02_retract,int
sim/flightmodel/controls/mwing03_retract,int
sim/flightmodel/controls/mwing04_retract,int
sim/flightmodel/controls/mwing05_retract,int
sim/flightmodel/controls/mwing06_retract,int
sim/flightmodel/controls/mwing07_retract,int
sim/flightmodel/controls/mwing08_retract,int
sim/flightmodel/controls/mwing09_retract,int
sim/flightmodel/controls/mwing10_retract,int
sim/flightmodel/controls/mwing11_retract,int
sim/flightmodel/controls/mwing12_retract,int
sim/flightmodel/controls/mwing13_retract,int
sim/flightmodel/controls/mwing14_retract,int
sim/flightmodel/controls/mwing15_retract,int
sim/flightmodel/controls/mwing16_retract,int
sim/flightmodel/controls/mwing17_retract,int
sim/flightmodel/controls/mwing18_retract,int
sim/flightmodel/controls/mwing19_retract,int
sim/flightmodel/controls/mwing20_retract,int
sim/flightmodel/controls/wing1l_retract_now,float
sim/flightmodel/controls/wing1r_retract_now,float
sim/flightmodel/controls/wing2l_retract_now,float
sim/flightmodel/controls/wing2r_retract_now,float
sim/flightmodel/controls/wing3l_retract_now,float
sim/flightmodel/controls/wing3r_retract_now,float
sim/flightmodel/controls/wing4l_retract_now,float
sim/flightmodel/controls/wing4r_retract_now,float
sim/flightmodel/controls/hstab1_retract_now,float
sim/flightmodel/controls/hstab2_retract_now,float
sim/flightmodel/controls/vstab1_retract_now,float
sim/flightmodel/controls/vstab2_retract_now,float
sim/flightmodel/controls/mwing01_retract_now,float
sim/flightmodel/controls/mwing02_retract_now,float
sim/flightmodel/controls/mwing03_retract_now,float
sim/flightmodel/controls/mwing04_retract_now,float
sim/flightmodel/controls/mwing05_retract_now,float
sim/flightmodel/controls/mwing06_retract_now,float
sim/flightmodel/controls/mwing07_retract_now,float
sim/flightmodel/controls/mwing08_retract_now,float
sim/flightmodel/controls/mwing09_retract_now,float
sim/flightmodel/controls/mwing10_retract_now,float
sim/flightmodel/controls/mwing11_retract_now,float
sim/flightmodel/controls/mwing12_retract_now,float
sim/flightmodel/controls/mwing13_retract_now,float
sim/flightmodel/controls/mwing14_retract_now,float
sim/flightmodel/controls/mwing15_retract_now,float
sim/flightmodel/controls/mwing16_retract_now,float
sim/flightmodel/controls/mwing17_retract_now,float
sim/flightmodel/controls/mwing18_retract_now,float
sim/flightmodel/controls/mwing19_retract_now,float
sim/flightmodel/controls/mwing20_retract_now,float
sim/flightmodel/controls/wing1l_elv1def,float
sim/flightmodel/controls/wing1l_elv2def,float
sim/flightmodel/controls/wing1r_elv1def,float
sim/flightmodel/controls/wing1r_elv2def,float
sim/flightmodel/controls/wing2l_elv1def,float
sim/flightmodel/controls/wing2l_elv2def,float
sim/flightmodel/controls/wing2r_elv1def,float
sim/flightmodel/controls/wing2r_elv2def,float
sim/flightmodel/controls/wing3l_elv1def,float
sim/flightmodel/controls/wing3l_elv2def,float
sim/flightmodel/controls/wing3r_elv1def,float
sim/flightmodel/controls/wing3r_elv2def,float
sim/flightmodel/controls/wing4l_elv1def,float
sim/flightmodel/controls/wing4l_elv2def,float
sim/flightmodel/controls/wing4r_elv1def,float
sim/flightmodel/controls/wing4r_elv2def,float
sim/flightmodel/cyclic/sidecant,float[8]
sim/flightmodel/cyclic/vertcant,float[8]
sim/flightmodel/engine/ENGN_N2_,float[8]
sim/flightmodel/engine/ENGN_EGT,float[8]
sim/flightmodel/engine/ENGN_ITT,float[8]
sim/flightmodel/engine/ENGN_CHT,float[8]
sim/flightmodel/engine/ENGN_EGT_c,float[8]
sim/flightmodel/engine/ENGN_ITT_c,float[8]
sim/flightmodel/engine/ENGN_CHT_c,float[8]
sim/flightmodel/engine/ENGN_bat_amp,float[8]
sim/flightmodel/engine/ENGN_bat_volt,float[8]
sim/flightmodel/engine/ENGN_cowl,float[8]
sim/flightmodel/engine/ENGN_EPR,float[8]
sim/flightmodel/engine/ENGN_FF_,float[8]
sim/flightmodel/engine/ENGN_gen_amp,float[8]
sim/flightmodel/engine/ENGN_heat,float[8]
sim/flightmodel/engine/ENGN_mixt,float[8]
sim/flightmodel/engine/ENGN_MPR,float[8]
sim/flightmodel/engine/ENGN_N1_,float[8]
sim/flightmodel/engine/ENGN_oil_press_psi,float[8]
sim/flightmodel/engine/ENGN_oil_temp_c,float[8]
sim/flightmodel/engine/ENGN_oil_temp,float[8]
sim/flightmodel/engine/ENGN_oil_press,float[8]
sim/flightmodel/engine/ENGN_power,float[8]
sim/flightmodel/engine/ENGN_prop,float[8]
sim/flightmodel/engine/ENGN_thro,float[8]
sim/flightmodel/engine/ENGN_thro_use,float[8]
sim/flightmodel/engine/ENGN_TRQ,float[8]
sim/flightmodel/engine/ENGN_running,int[8]
sim/flightmodel/engine/ENGN_burning,int[8]
sim/flightmodel/engine/ENGN_propmode,int[8]
sim/flightmodel/engine/ENGN_burnrat,float[8]
sim/flightmodel/engine/ENGN_oil_quan,float[8]
sim/flightmodel/engine/ENGN_oil_lube_rat,float[8]
sim/flightmodel/engine/ENGN_crbice,float[8]
sim/flightmodel/engine/ENGN_tacrad,float[8]
sim/flightmodel/engine/POINT_pitch_deg,float[8]
sim/flightmodel/engine/POINT_prop_eff,float[8]
sim/flightmodel/engine/POINT_tacrad,float[8]
sim/flightmodel/engine/POINT_thrust,float[8]
sim/flightmodel/engine/POINT_drag_TRQ,float[8]
sim/flightmodel/engine/POINT_cone_rad,float[8]
sim/flightmodel/engine/POINT_pitch_deg_use,float[8]
sim/flightmodel/engine/burner_enabled,int
sim/flightmodel/engine/burner_level,int
sim/flightmodel/engine/apr_mode,int
sim/flightmodel/engine/descent_speed_ratio,float[8]
sim/flightmodel/failures/frm_ice,float
sim/flightmodel/failures/frm_ice2,float
sim/flightmodel/failures/pitot_ice,float
sim/flightmodel/failures/pitot_ice2,float
sim/flightmodel/failures/prop_ice,float
sim/flightmodel/failures/stat_ice,float
sim/flightmodel/failures/stat_ice2,float
sim/flightmodel/failures/inlet_ice,float
sim/flightmodel/failures/prop_ice_per_engine,float[8]
sim/flightmodel/failures/inlet_ice_per_engine,float[8]
sim/flightmodel/failures/window_ice,float
sim/flightmodel/failures/aoa_ice,float
sim/flightmodel/failures/aoa_ice2,float
sim/flightmodel/failures/stallwarning,int
sim/flightmodel/failures/smoking,int
sim/flightmodel/failures/lo_rotor_warning,int
sim/flightmodel/misc/h_ind,float
sim/flightmodel/misc/h_ind2,float
sim/flightmodel/misc/h_ind_copilot,float
sim/flightmodel/misc/h_ind_copilot2,float
sim/flightmodel/misc/cgz_ref_to_default,float
sim/flightmodel/weight/m_fixed,float
sim/flightmodel/weight/m_fuel,float[9]
sim/flightmodel/weight/m_fuel1,float
sim/flightmodel/weight/m_fuel2,float
sim/flightmodel/weight/m_fuel3,float
sim/flightmodel/weight/m_jettison,float
sim/physics/metric_temp,int
sim/physics/metric_press,int
sim/operation/failures/enable_random_falures,int
sim/operation/failures/enable_random_failures,int
sim/operation/failures/mean_time_between_failure_hrs,float
sim/operation/failures/ram_air_turbine_on,int
sim/operation/failures/rel_conlock,int
sim/operation/failures/rel_door_open,int
sim/operation/failures/rel_ex_power_on,int
sim/operation/failures/rel_pass_o2_on,int
sim/operation/failures/rel_fuelcap,int
sim/operation/failures/rel_fuel_water,int
sim/operation/failures/rel_fuel_type,int
sim/operation/failures/rel_fuel_block0,int
sim/operation/failures/rel_fuel_block1,int
sim/operation/failures/rel_fuel_block2,int
sim/operation/failures/rel_fuel_block3,int
sim/operation/failures/rel_fuel_block4,int
sim/operation/failures/rel_fuel_block5,int
sim/operation/failures/rel_fuel_block6,int
sim/operation/failures/rel_fuel_block7,int
sim/operation/failures/rel_fuel_block8,int
sim/operation/failures/rel_vasi,int
sim/operation/failures/rel_rwy_lites,int
sim/operation/failures/rel_bird_strike,int
sim/operation/failures/rel_wind_shear,int
sim/operation/failures/rel_smoke_cpit,int
sim/operation/failures/rel_brown_out,int
sim/operation/failures/rel_esys,int
sim/operation/failures/rel_esys2,int
sim/operation/failures/rel_esys3,int
sim/operation/failures/rel_esys4,int
sim/operation/failures/rel_esys5,int
sim/operation/failures/rel_esys6,int
sim/operation/failures/rel_invert0,int
sim/operation/failures/rel_invert1,int
sim/operation/failures/rel_gen0_lo,int
sim/operation/failures/rel_gen0_hi,int
sim/operation/failures/rel_gen1_lo,int
sim/operation/failures/rel_gen1_hi,int
sim/operation/failures/rel_bat0_lo,int
sim/operation/failures/rel_bat0_hi,int
sim/operation/failures/rel_bat1_lo,int
sim/operation/failures/rel_bat1_hi,int
sim/operation/failures/rel_lites_nav,int
sim/operation/failures/rel_lites_strobe,int
sim/operation/failures/rel_lites_beac,int
sim/operation/failures/rel_lites_taxi,int
sim/operation/failures/rel_lites_land,int
sim/operation/failures/rel_lites_ins,int
sim/operation/failures/rel_clights,int
sim/operation/failures/rel_lites_hud,int
sim/operation/failures/rel_stbaug,int
sim/operation/failures/rel_servo_rudd,int
sim/operation/failures/rel_otto,int
sim/operation/failures/rel_auto_runaway,int
sim/operation/failures/rel_auto_servos,int
sim/operation/failures/rel_servo_ailn,int
sim/operation/failures/rel_servo_elev,int
sim/operation/failures/rel_servo_thro,int
sim/operation/failures/rel_fc_rud_L,int
sim/operation/failures/rel_fc_rud_R,int
sim/operation/failures/rel_fc_ail_L,int
sim/operation/failures/rel_fc_ail_R,int
sim/operation/failures/rel_fc_elv_U,int
sim/operation/failures/rel_fc_elv_D,int
sim/operation/failures/rel_trim_rud,int
sim/operation/failures/rel_trim_ail,int
sim/operation/failures/rel_trim_elv,int
sim/operation/failures/rel_rud_trim_run,int
sim/operation/failures/rel_ail_trim_run,int
sim/operation/failures/rel_elv_trim_run,int
sim/operation/failures/rel_fc_slt,int
sim/operation/failures/rel_flap_act,int
sim/operation/failures/rel_fc_L_flp,int
sim/operation/failures/rel_fc_R_flp,int
sim/operation/failures/rel_L_flp_off,int
sim/operation/failures/rel_R_flp_off,int
sim/operation/failures/rel_gear_act,int
sim/operation/failures/rel_gear_ind,int
sim/operation/failures/rel_lbrakes,int
sim/operation/failures/rel_rbrakes,int
sim/operation/failures/rel_lagear1,int
sim/operation/failures/rel_lagear2,int
sim/operation/failures/rel_lagear3,int
sim/operation/failures/rel_lagear4,int
sim/operation/failures/rel_lagear5,int
sim/operation/failures/rel_collapse1,int
sim/operation/failures/rel_collapse2,int
sim/operation/failures/rel_collapse3,int
sim/operation/failures/rel_collapse4,int
sim/operation/failures/rel_collapse5,int
sim/operation/failures/rel_collapse6,int
sim/operation/failures/rel_collapse7,int
sim/operation/failures/rel_collapse8,int
sim/operation/failures/rel_collapse9,int
sim/operation/failures/rel_collapse10,int
sim/operation/failures/rel_tire1,int
sim/operation/failures/rel_tire2,int
sim/operation/failures/rel_tire3,int
sim/operation/failures/rel_tire4,int
sim/operation/failures/rel_tire5,int
sim/operation/failures/rel_HVAC,int
sim/operation/failures/rel_bleed_air_lft,int
sim/operation/failures/rel_bleed_air_rgt,int
sim/operation/failures/rel_APU_press,int
sim/operation/failures/rel_depres_slow,int
sim/operation/failures/rel_depres_fast,int
sim/operation/failures/rel_hydpmp_ele,int
sim/operation/failures/rel_hydpmp,int
sim/operation/failures/rel_hydpmp2,int
sim/operation/failures/rel_hydpmp3,int
sim/operation/failures/rel_hydpmp4,int
sim/operation/failures/rel_hydpmp5,int
sim/operation/failures/rel_hydpmp6,int
sim/operation/failures/rel_hydpmp7,int
sim/operation/failures/rel_hydpmp8,int
sim/operation/failures/rel_hydleak,int
sim/operation/failures/rel_hydleak2,int
sim/operation/failures/rel_hydoverp,int
sim/operation/failures/rel_hydoverp2,int
sim/operation/failures/rel_throt_lo,int
sim/operation/failures/rel_throt_hi,int
sim/operation/failures/rel_fc_thr,int
sim/operation/failures/rel_prop_sync,int
sim/operation/failures/rel_feather,int
sim/operation/failures/rel_trotor,int
sim/operation/failures/rel_antice,int
sim/operation/failures/rel_ice_detect,int
sim/operation/failures/rel_ice_pitot_heat1,int
sim/operation/failures/rel_ice_pitot_heat2,int
sim/operation/failures/rel_ice_static_heat,int
sim/operation/failures/rel_ice_static_heat2,int
sim/operation/failures/rel_ice_AOA_heat,int
sim/operation/failures/rel_ice_AOA_heat2,int
sim/operation/failures/rel_ice_window_heat,int
sim/operation/failures/rel_ice_surf_heat,int
sim/operation/failures/rel_ice_surf_heat2,int
sim/operation/failures/rel_ice_brake_heat,int
sim/operation/failures/rel_ice_alt_air1,int
sim/operation/failures/rel_ice_alt_air2,int
sim/operation/failures/rel_vacuum,int
sim/operation/failures/rel_vacuum2,int
sim/operation/failures/rel_elec_gyr,int
sim/operation/failures/rel_elec_gyr2,int
sim/operation/failures/rel_pitot,int
sim/operation/failures/rel_pitot2,int
sim/operation/failures/rel_static,int
sim/operation/failures/rel_static2,int
sim/operation/failures/rel_static1_err,int
sim/operation/failures/rel_static2_err,int
sim/operation/failures/rel_g_oat,int
sim/operation/failures/rel_g_fuel,int
sim/operation/failures/rel_ss_asi,int
sim/operation/failures/rel_ss_ahz,int
sim/operation/failures/rel_ss_alt,int
sim/operation/failures/rel_ss_tsi,int
sim/operation/failures/rel_ss_dgy,int
sim/operation/failures/rel_ss_vvi,int
sim/operation/failures/rel_cop_asi,int
sim/operation/failures/rel_cop_ahz,int
sim/operation/failures/rel_cop_alt,int
sim/operation/failures/rel_cop_tsi,int
sim/operation/failures/rel_cop_dgy,int
sim/operation/failures/rel_cop_vvi,int
sim/operation/failures/rel_efis_1,int
sim/operation/failures/rel_efis_2,int
sim/operation/failures/rel_AOA,int
sim/operation/failures/rel_stall_warn,int
sim/operation/failures/rel_gear_warning,int
sim/operation/failures/rel_navcom1,int
sim/operation/failures/rel_navcom2,int
sim/operation/failures/rel_nav1,int
sim/operation/failures/rel_nav2,int
sim/operation/failures/rel_com1,int
sim/operation/failures/rel_com2,int
sim/operation/failures/rel_adf1,int
sim/operation/failures/rel_adf2,int
sim/operation/failures/rel_gps,int
sim/operation/failures/rel_gps2,int
sim/operation/failures/rel_dme,int
sim/operation/failures/rel_loc,int
sim/operation/failures/rel_gls,int
sim/operation/failures/rel_gp,int
sim/operation/failures/rel_xpndr,int
sim/operation/failures/rel_marker,int
sim/operation/failures/rel_RPM_ind_0,int
sim/operation/failures/rel_RPM_ind_1,int
sim/operation/failures/rel_N1_ind0,int
sim/operation/failures/rel_N1_ind1,int
sim/operation/failures/rel_N2_ind0,int
sim/operation/failures/rel_N2_ind1,int
sim/operation/failures/rel_MP_ind_0,int
sim/operation/failures/rel_MP_ind_1,int
sim/operation/failures/rel_TRQind0,int
sim/operation/failures/rel_TRQind1,int
sim/operation/failures/rel_EPRind0,int
sim/operation/failures/rel_EPRind1,int
sim/operation/failures/rel_CHT_ind_0,int
sim/operation/failures/rel_CHT_ind_1,int
sim/operation/failures/rel_ITTind0,int
sim/operation/failures/rel_ITTind1,int
sim/operation/failures/rel_EGT_ind_0,int
sim/operation/failures/rel_EGT_ind_1,int
sim/operation/failures/rel_FF_ind0,int
sim/operation/failures/rel_FF_ind1,int
sim/operation/failures/rel_fp_ind_0,int
sim/operation/failures/rel_fp_ind_1,int
sim/operation/failures/rel_oilp_ind_0,int
sim/operation/failures/rel_oilp_ind_1,int
sim/operation/failures/rel_oilt_ind_0,int
sim/operation/failures/rel_oilt_ind_1,int
sim/operation/failures/rel_g430_gps1,int
sim/operation/failures/rel_g430_gps2,int
sim/operation/failures/rel_g430_rad1_tune,int
sim/operation/failures/rel_g430_rad2_tune,int
sim/operation/failures/rel_g_gia1,int
sim/operation/failures/rel_g_gia2,int
sim/operation/failures/rel_g_gea,int
sim/operation/failures/rel_adc_comp,int
sim/operation/failures/rel_g_arthorz,int
sim/operation/failures/rel_g_asi,int
sim/operation/failures/rel_g_alt,int
sim/operation/failures/rel_g_magmtr,int
sim/operation/failures/rel_g_vvi,int
sim/operation/failures/rel_g_gen1,int
sim/operation/failures/rel_g_gen2,int
sim/operation/failures/rel_g_bat1,int
sim/operation/failures/rel_g_bat2,int
sim/operation/failures/rel_g_bus1,int
sim/operation/failures/rel_g_bus2,int
sim/operation/failures/rel_g_mfd,int
sim/operation/failures/rel_g_pfd,int
sim/operation/failures/rel_g_pfd2,int
sim/operation/failures/rel_magLFT0,int
sim/operation/failures/rel_magLFT1,int
sim/operation/failures/rel_magLFT2,int
sim/operation/failures/rel_magLFT3,int
sim/operation/failures/rel_magLFT4,int
sim/operation/failures/rel_magLFT5,int
sim/operation/failures/rel_magLFT6,int
sim/operation/failures/rel_magLFT7,int
sim/operation/failures/rel_magRGT0,int
sim/operation/failures/rel_magRGT1,int
sim/operation/failures/rel_magRGT2,int
sim/operation/failures/rel_magRGT3,int
sim/operation/failures/rel_magRGT4,int
sim/operation/failures/rel_magRGT5,int
sim/operation/failures/rel_magRGT6,int
sim/operation/failures/rel_magRGT7,int
sim/operation/failures/rel_engfir0,int
sim/operation/failures/rel_engfir1,int
sim/operation/failures/rel_engfir2,int
sim/operation/failures/rel_engfir3,int
sim/operation/failures/rel_engfir4,int
sim/operation/failures/rel_engfir5,int
sim/operation/failures/rel_engfir6,int
sim/operation/failures/rel_engfir7,int
sim/operation/failures/rel_engfla0,int
sim/operation/failures/rel_engfla1,int
sim/operation/failures/rel_engfla2,int
sim/operation/failures/rel_engfla3,int
sim/operation/failures/rel_engfla4,int
sim/operation/failures/rel_engfla5,int
sim/operation/failures/rel_engfla6,int
sim/operation/failures/rel_engfla7,int
sim/operation/failures/rel_engfai0,int
sim/operation/failures/rel_engfai1,int
sim/operation/failures/rel_engfai2,int
sim/operation/failures/rel_engfai3,int
sim/operation/failures/rel_engfai4,int
sim/operation/failures/rel_engfai5,int
sim/operation/failures/rel_engfai6,int
sim/operation/failures/rel_engfai7,int
sim/operation/failures/rel_engsep0,int
sim/operation/failures/rel_engsep1,int
sim/operation/failures/rel_engsep2,int
sim/operation/failures/rel_engsep3,int
sim/operation/failures/rel_engsep4,int
sim/operation/failures/rel_engsep5,int
sim/operation/failures/rel_engsep6,int
sim/operation/failures/rel_engsep7,int
sim/operation/failures/rel_fuepmp0,int
sim/operation/failures/rel_fuepmp1,int
sim/operation/failures/rel_fuepmp2,int
sim/operation/failures/rel_fuepmp3,int
sim/operation/failures/rel_fuepmp4,int
sim/operation/failures/rel_fuepmp5,int
sim/operation/failures/rel_fuepmp6,int
sim/operation/failures/rel_fuepmp7,int
sim/operation/failures/rel_ele_fuepmp0,int
sim/operation/failures/rel_ele_fuepmp1,int
sim/operation/failures/rel_ele_fuepmp2,int
sim/operation/failures/rel_ele_fuepmp3,int
sim/operation/failures/rel_ele_fuepmp4,int
sim/operation/failures/rel_ele_fuepmp5,int
sim/operation/failures/rel_ele_fuepmp6,int
sim/operation/failures/rel_ele_fuepmp7,int
sim/operation/failures/rel_eng_lo0,int
sim/operation/failures/rel_eng_lo1,int
sim/operation/failures/rel_eng_lo2,int
sim/operation/failures/rel_eng_lo3,int
sim/operation/failures/rel_eng_lo4,int
sim/operation/failures/rel_eng_lo5,int
sim/operation/failures/rel_eng_lo6,int
sim/operation/failures/rel_eng_lo7,int
sim/operation/failures/rel_airres0,int
sim/operation/failures/rel_airres1,int
sim/operation/failures/rel_airres2,int
sim/operation/failures/rel_airres3,int
sim/operation/failures/rel_airres4,int
sim/operation/failures/rel_airres5,int
sim/operation/failures/rel_airres6,int
sim/operation/failures/rel_airres7,int
sim/operation/failures/rel_fuelfl0,int
sim/operation/failures/rel_fuelfl1,int
sim/operation/failures/rel_fuelfl2,int
sim/operation/failures/rel_fuelfl3,int
sim/operation/failures/rel_fuelfl4,int
sim/operation/failures/rel_fuelfl5,int
sim/operation/failures/rel_fuelfl6,int
sim/operation/failures/rel_fuelfl7,int
sim/operation/failures/rel_comsta0,int
sim/operation/failures/rel_comsta1,int
sim/operation/failures/rel_comsta2,int
sim/operation/failures/rel_comsta3,int
sim/operation/failures/rel_comsta4,int
sim/operation/failures/rel_comsta5,int
sim/operation/failures/rel_comsta6,int
sim/operation/failures/rel_comsta7,int
sim/operation/failures/rel_startr0,int
sim/operation/failures/rel_startr1,int
sim/operation/failures/rel_startr2,int
sim/operation/failures/rel_startr3,int
sim/operation/failures/rel_startr4,int
sim/operation/failures/rel_startr5,int
sim/operation/failures/rel_startr6,int
sim/operation/failures/rel_startr7,int
sim/operation/failures/rel_ignitr0,int
sim/operation/failures/rel_ignitr1,int
sim/operation/failures/rel_ignitr2,int
sim/operation/failures/rel_ignitr3,int
sim/operation/failures/rel_ignitr4,int
sim/operation/failures/rel_ignitr5,int
sim/operation/failures/rel_ignitr6,int
sim/operation/failures/rel_ignitr7,int
sim/operation/failures/rel_hunsta0,int
sim/operation/failures/rel_hunsta1,int
sim/operation/failures/rel_hunsta2,int
sim/operation/failures/rel_hunsta3,int
sim/operation/failures/rel_hunsta4,int
sim/operation/failures/rel_hunsta5,int
sim/operation/failures/rel_hunsta6,int
sim/operation/failures/rel_hunsta7,int
sim/operation/failures/rel_clonoz0,int
sim/operation/failures/rel_clonoz1,int
sim/operation/failures/rel_clonoz2,int
sim/operation/failures/rel_clonoz3,int
sim/operation/failures/rel_clonoz4,int
sim/operation/failures/rel_clonoz5,int
sim/operation/failures/rel_clonoz6,int
sim/operation/failures/rel_clonoz7,int
sim/operation/failures/rel_hotsta0,int
sim/operation/failures/rel_hotsta1,int
sim/operation/failures/rel_hotsta2,int
sim/operation/failures/rel_hotsta3,int
sim/operation/failures/rel_hotsta4,int
sim/operation/failures/rel_hotsta5,int
sim/operation/failures/rel_hotsta6,int
sim/operation/failures/rel_hotsta7,int
sim/operation/failures/rel_runITT0,int
sim/operation/failures/rel_runITT1,int
sim/operation/failures/rel_runITT2,int
sim/operation/failures/rel_runITT3,int
sim/operation/failures/rel_runITT4,int
sim/operation/failures/rel_runITT5,int
sim/operation/failures/rel_runITT6,int
sim/operation/failures/rel_runITT7,int
sim/operation/failures/rel_genera0,int
sim/operation/failures/rel_genera1,int
sim/operation/failures/rel_genera2,int
sim/operation/failures/rel_genera3,int
sim/operation/failures/rel_genera4,int
sim/operation/failures/rel_genera5,int
sim/operation/failures/rel_genera6,int
sim/operation/failures/rel_genera7,int
sim/operation/failures/rel_batter0,int
sim/operation/failures/rel_batter1,int
sim/operation/failures/rel_batter2,int
sim/operation/failures/rel_batter3,int
sim/operation/failures/rel_batter4,int
sim/operation/failures/rel_batter5,int
sim/operation/failures/rel_batter6,int
sim/operation/failures/rel_batter7,int
sim/operation/failures/rel_govnr_0,int
sim/operation/failures/rel_govnr_1,int
sim/operation/failures/rel_govnr_2,int
sim/operation/failures/rel_govnr_3,int
sim/operation/failures/rel_govnr_4,int
sim/operation/failures/rel_govnr_5,int
sim/operation/failures/rel_govnr_6,int
sim/operation/failures/rel_govnr_7,int
sim/operation/failures/rel_fadec_0,int
sim/operation/failures/rel_fadec_1,int
sim/operation/failures/rel_fadec_2,int
sim/operation/failures/rel_fadec_3,int
sim/operation/failures/rel_fadec_4,int
sim/operation/failures/rel_fadec_5,int
sim/operation/failures/rel_fadec_6,int
sim/operation/failures/rel_fadec_7,int
sim/operation/failures/rel_oilpmp0,int
sim/operation/failures/rel_oilpmp1,int
sim/operation/failures/rel_oilpmp2,int
sim/operation/failures/rel_oilpmp3,int
sim/operation/failures/rel_oilpmp4,int
sim/operation/failures/rel_oilpmp5,int
sim/operation/failures/rel_oilpmp6,int
sim/operation/failures/rel_oilpmp7,int
sim/operation/failures/rel_chipde0,int
sim/operation/failures/rel_chipde1,int
sim/operation/failures/rel_chipde2,int
sim/operation/failures/rel_chipde3,int
sim/operation/failures/rel_chipde4,int
sim/operation/failures/rel_chipde5,int
sim/operation/failures/rel_chipde6,int
sim/operation/failures/rel_chipde7,int
sim/operation/failures/rel_prpfin0,int
sim/operation/failures/rel_prpfin1,int
sim/operation/failures/rel_prpfin2,int
sim/operation/failures/rel_prpfin3,int
sim/operation/failures/rel_prpfin4,int
sim/operation/failures/rel_prpfin5,int
sim/operation/failures/rel_prpfin6,int
sim/operation/failures/rel_prpfin7,int
sim/operation/failures/rel_prpcrs0,int
sim/operation/failures/rel_prpcrs1,int
sim/operation/failures/rel_prpcrs2,int
sim/operation/failures/rel_prpcrs3,int
sim/operation/failures/rel_prpcrs4,int
sim/operation/failures/rel_prpcrs5,int
sim/operation/failures/rel_prpcrs6,int
sim/operation/failures/rel_prpcrs7,int
sim/operation/failures/rel_pshaft0,int
sim/operation/failures/rel_pshaft1,int
sim/operation/failures/rel_pshaft2,int
sim/operation/failures/rel_pshaft3,int
sim/operation/failures/rel_pshaft4,int
sim/operation/failures/rel_pshaft5,int
sim/operation/failures/rel_pshaft6,int
sim/operation/failures/rel_pshaft7,int
sim/operation/failures/rel_seize_0,int
sim/operation/failures/rel_seize_1,int
sim/operation/failures/rel_seize_2,int
sim/operation/failures/rel_seize_3,int
sim/operation/failures/rel_seize_4,int
sim/operation/failures/rel_seize_5,int
sim/operation/failures/rel_seize_6,int
sim/operation/failures/rel_seize_7,int
sim/operation/failures/rel_revers0,int
sim/operation/failures/rel_revers1,int
sim/operation/failures/rel_revers2,int
sim/operation/failures/rel_revers3,int
sim/operation/failures/rel_revers4,int
sim/operation/failures/rel_revers5,int
sim/operation/failures/rel_revers6,int
sim/operation/failures/rel_revers7,int
sim/operation/failures/rel_revdep0,int
sim/operation/failures/rel_revdep1,int
sim/operation/failures/rel_revdep2,int
sim/operation/failures/rel_revdep3,int
sim/operation/failures/rel_revdep4,int
sim/operation/failures/rel_revdep5,int
sim/operation/failures/rel_revdep6,int
sim/operation/failures/rel_revdep7,int
sim/operation/failures/rel_revloc0,int
sim/operation/failures/rel_revloc1,int
sim/operation/failures/rel_revloc2,int
sim/operation/failures/rel_revloc3,int
sim/operation/failures/rel_revloc4,int
sim/operation/failures/rel_revloc5,int
sim/operation/failures/rel_revloc6,int
sim/operation/failures/rel_revloc7,int
sim/operation/failures/rel_aftbur0,int
sim/operation/failures/rel_aftbur1,int
sim/operation/failures/rel_aftbur2,int
sim/operation/failures/rel_aftbur3,int
sim/operation/failures/rel_aftbur4,int
sim/operation/failures/rel_aftbur5,int
sim/operation/failures/rel_aftbur6,int
sim/operation/failures/rel_aftbur7,int
sim/operation/failures/rel_ice_inlet_heat,int
sim/operation/failures/rel_ice_inlet_heat2,int
sim/operation/failures/rel_ice_inlet_heat3,int
sim/operation/failures/rel_ice_inlet_heat4,int
sim/operation/failures/rel_ice_inlet_heat5,int
sim/operation/failures/rel_ice_inlet_heat6,int
sim/operation/failures/rel_ice_inlet_heat7,int
sim/operation/failures/rel_ice_inlet_heat8,int
sim/operation/failures/rel_ice_prop_heat,int
sim/operation/failures/rel_ice_prop_heat2,int
sim/operation/failures/rel_ice_prop_heat3,int
sim/operation/failures/rel_ice_prop_heat4,int
sim/operation/failures/rel_ice_prop_heat5,int
sim/operation/failures/rel_ice_prop_heat6,int
sim/operation/failures/rel_ice_prop_heat7,int
sim/operation/failures/rel_ice_prop_heat8,int
sim/operation/failures/rel_wing1L,int
sim/operation/failures/rel_wing1R,int
sim/operation/failures/rel_wing2L,int
sim/operation/failures/rel_wing2R,int
sim/operation/failures/rel_wing3L,int
sim/operation/failures/rel_wing3R,int
sim/operation/failures/rel_wing4L,int
sim/operation/failures/rel_wing4R,int
sim/operation/failures/rel_hstbL,int
sim/operation/failures/rel_hstbR,int
sim/operation/failures/rel_vstb1,int
sim/operation/failures/rel_vstb2,int
sim/operation/failures/rel_mwing1,int
sim/operation/failures/rel_mwing2,int
sim/operation/failures/rel_mwing3,int
sim/operation/failures/rel_mwing4,int
sim/operation/failures/rel_mwing5,int
sim/operation/failures/rel_mwing6,int
sim/operation/failures/rel_mwing7,int
sim/operation/failures/rel_mwing8,int
sim/operation/failures/rel_pyl1a,int
sim/operation/failures/rel_pyl2a,int
sim/operation/failures/rel_pyl3a,int
sim/operation/failures/rel_pyl4a,int
sim/operation/failures/rel_pyl5a,int
sim/operation/failures/rel_pyl6a,int
sim/operation/failures/rel_pyl7a,int
sim/operation/failures/rel_pyl8a,int
sim/operation/failures/rel_pyl1b,int
sim/operation/failures/rel_pyl2b,int
sim/operation/failures/rel_pyl3b,int
sim/operation/failures/rel_pyl4b,int
sim/operation/failures/rel_pyl5b,int
sim/operation/failures/rel_pyl6b,int
sim/operation/failures/rel_pyl7b,int
sim/operation/failures/rel_pyl8b,int
sim/operation/failures/rel_gen_esys,int
sim/operation/failures/rel_gen_avio,int
sim/operation/failures/rel_apu,int
sim/operation/failures/rel_apu_fire,int
sim/cockpit2/annunciators/plugin_master_warning,int
sim/cockpit2/annunciators/plugin_master_caution,int
sim/cockpit2/autopilot/master_flight_director,int
sim/cockpit2/autopilot/autopilot_source,int
sim/cockpit2/autopilot/autothrottle_enabled,int
sim/cockpit2/autopilot/electric_trim_on,int
sim/cockpit2/autopilot/pitch_mistrim,int
sim/cockpit2/autopilot/otto_fail_warn,int
sim/cockpit2/autopilot/bank_angle_mode,int
sim/cockpit2/autopilot/flight_director_mode,int
sim/cockpit2/autopilot/flight_director2_mode,int
sim/cockpit2/autopilot/flight_director3_mode,int
sim/cockpit2/autopilot/airspeed_is_mach,int
sim/cockpit2/autopilot/alt_vvi_is_showing_vvi,int
sim/cockpit2/autopilot/airspeed_dial_kts_mach,float
sim/cockpit2/autopilot/airspeed_dial_kts,float
sim/cockpit2/autopilot/heading_dial_deg_mag_pilot,float
sim/cockpit2/autopilot/heading_dial_deg_mag_copilot,float
sim/cockpit2/autopilot/heading_is_gpss,int
sim/cockpit2/autopilot/trk_fpa,int
sim/cockpit2/autopilot/vvi_dial_fpm,float
sim/cockpit2/autopilot/fpa,float
sim/cockpit2/autopilot/altitude_dial_ft,float
sim/cockpit2/autopilot/barometer_setting_in_hg_alt_preselector,float
sim/cockpit2/autopilot/altitude_readout_preselector,float
sim/cockpit2/autopilot/climb_adjust,float
sim/cockpit2/autopilot/des_adjust,float
sim/cockpit2/autopilot/sync_hold_pitch_deg,float
sim/cockpit2/autopilot/sync_hold_roll_deg,float
sim/cockpit2/autopilot/set_roll_deg,float
sim/cockpit2/autopilot/turn_rate_deg_sec,float
sim/cockpit2/autopilot/TOGA_pitch_deg,float
sim/cockpit2/autopilot/fms_vnav,int
sim/cockpit2/camera/camera_offset_pitch,float
sim/cockpit2/camera/camera_offset_heading,float
sim/cockpit2/camera/camera_offset_roll,float
sim/cockpit2/camera/camera_field_of_view,float
sim/cockpit2/clock_timer/timer_mode,int
sim/cockpit2/controls/yoke_pitch_ratio,float
sim/cockpit2/controls/yoke_roll_ratio,float
sim/cockpit2/controls/yoke_heading_ratio,float
sim/cockpit2/controls/total_heading_ratio,float
sim/cockpit2/controls/total_pitch_ratio,float
sim/cockpit2/controls/total_roll_ratio,float
sim/cockpit2/controls/speedbrake_ratio,float
sim/cockpit2/controls/wingsweep_ratio,float
sim/cockpit2/controls/thrust_vector_ratio,float
sim/cockpit2/controls/dihedral_ratio,float
sim/cockpit2/controls/incidence_ratio,float
sim/cockpit2/controls/wing_retraction_ratio,float
sim/cockpit2/controls/flap_ratio,float
sim/cockpit2/controls/parking_brake_ratio,float
sim/cockpit2/controls/left_brake_ratio,float
sim/cockpit2/controls/right_brake_ratio,float
sim/cockpit2/controls/gear_handle_down,int
sim/cockpit2/controls/nosewheel_steer_on,int
sim/cockpit2/controls/tailwheel_lock_ratio,float
sim/cockpit2/controls/aileron_trim,float
sim/cockpit2/controls/elevator_trim,float
sim/cockpit2/controls/rudder_trim,float
sim/cockpit2/controls/rotor_trim,float
sim/cockpit2/controls/water_rudder_handle_ratio,float
sim/cockpit2/EFIS/map_mode,int
sim/cockpit2/EFIS/map_mode_is_HSI,int
sim/cockpit2/EFIS/map_range,int
sim/cockpit2/EFIS/argus_mode,int
sim/cockpit2/EFIS/ecam_mode,int
sim/cockpit2/EFIS/EFIS_weather_on,int
sim/cockpit2/EFIS/EFIS_tcas_on,int
sim/cockpit2/EFIS/EFIS_airport_on,int
sim/cockpit2/EFIS/EFIS_fix_on,int
sim/cockpit2/EFIS/EFIS_vor_on,int
sim/cockpit2/EFIS/EFIS_ndb_on,int
sim/cockpit2/EFIS/EFIS_1_selection_pilot,int
sim/cockpit2/EFIS/EFIS_1_selection_copilot,int
sim/cockpit2/EFIS/EFIS_2_selection_pilot,int
sim/cockpit2/EFIS/EFIS_2_selection_copilot,int
sim/cockpit2/EFIS/EFIS_page,int[6]
sim/cockpit2/electrical/inverter_on,int[2]
sim/cockpit2/electrical/battery_on,int[8]
sim/cockpit2/electrical/generator_on,int[8]
sim/cockpit2/electrical/APU_generator_on,int
sim/cockpit2/electrical/APU_generator_amps,float
sim/cockpit2/electrical/APU_starter_switch,int
sim/cockpit2/electrical/cross_tie,int
sim/cockpit2/electrical/plugin_bus_load_amps,float[6]
sim/cockpit2/engine/actuators/cyclic_elevator_deg,float[8]
sim/cockpit2/engine/actuators/cyclic_aileron_deg,float[8]
sim/cockpit2/engine/actuators/throttle_ratio,float[8]
sim/cockpit2/engine/actuators/throttle_beta_rev_ratio,float[8]
sim/cockpit2/engine/actuators/throttle_jet_rev_ratio,float[8]
sim/cockpit2/engine/actuators/beta_ratio,float[8]
sim/cockpit2/engine/actuators/throttle_ratio_all,float
sim/cockpit2/engine/actuators/throttle_beta_rev_ratio_all,float
sim/cockpit2/engine/actuators/throttle_jet_rev_ratio_all,float
sim/cockpit2/engine/actuators/prop_rotation_speed_rad_sec,float[8]
sim/cockpit2/engine/actuators/prop_rotation_speed_rad_sec_all,float
sim/cockpit2/engine/actuators/prop_angle_degrees,float[8]
sim/cockpit2/engine/actuators/prop_angle_degrees_all,float
sim/cockpit2/engine/actuators/prop_ratio,float[8]
sim/cockpit2/engine/actuators/prop_ratio_all,float
sim/cockpit2/engine/actuators/mixture_ratio,float[8]
sim/cockpit2/engine/actuators/mixture_ratio_all,float
sim/cockpit2/engine/actuators/carb_heat_ratio,float[8]
sim/cockpit2/engine/actuators/cowl_flap_ratio,float[8]
sim/cockpit2/engine/actuators/primer_ratio,float[8]
sim/cockpit2/engine/actuators/afterburner_enabled,int[8]
sim/cockpit2/engine/actuators/igniter_on,int[8]
sim/cockpit2/engine/actuators/auto_ignite_on,int[8]
sim/cockpit2/engine/actuators/ignition_on,int[8]
sim/cockpit2/engine/actuators/ignition_key,int[8]
sim/cockpit2/engine/actuators/fadec_on,int[8]
sim/cockpit2/engine/actuators/primer_on,int[8]
sim/cockpit2/engine/actuators/fuel_pump_on,int[8]
sim/cockpit2/engine/actuators/idle_speed,int[8]
sim/cockpit2/engine/actuators/idle_speed_ratio,float[8]
sim/cockpit2/engine/actuators/prop_mode,int[8]
sim/cockpit2/engine/actuators/prop_pitch_deg,float[8]
sim/cockpit2/engine/actuators/start_lock_engaged,int[8]
sim/cockpit2/engine/actuators/unfeather_pump_running,int[8]
sim/cockpit2/engine/actuators/governor_on,int[8]
sim/cockpit2/engine/actuators/fire_extinguisher_on,int[8]
sim/cockpit2/engine/actuators/clutch_engage,float[1]
sim/cockpit2/engine/actuators/clutch_ratio,float[1]
sim/cockpit2/engine/actuators/manual_feather_prop,float[8]
sim/cockpit2/engine/actuators/N1_target_bug,float[8]
sim/cockpit2/engine/actuators/EPR_target_bug,float[8]
sim/cockpit2/fuel/fuel_tank_selector_left,int
sim/cockpit2/fuel/fuel_tank_selector_right,int
sim/cockpit2/fuel/fuel_tank_selector,int
sim/cockpit2/fuel/fuel_tank_transfer_to,int
sim/cockpit2/fuel/fuel_tank_transfer_from,int
sim/cockpit2/fuel/fuel_tank_pump_on,int[9]
sim/cockpit2/fuel/fuel_totalizer_init_kg,float
sim/cockpit2/fuel/fuel_totalizer_sum_kg,float
sim/cockpit2/fuel/transfer_pump_left,int
sim/cockpit2/fuel/transfer_pump_right,int
sim/cockpit2/fuel/transfer_pump_activation,float
sim/cockpit2/fuel/firewall_closed_left,int
sim/cockpit2/fuel/firewall_closed_right,int
sim/cockpit2/fuel/auto_crossfeed,int
sim/cockpit2/fuel/transfer_test,int
sim/cockpit2/fuel/tank_pump_pressure_psi,float[9]
sim/cockpit2/gauges/actuators/barometer_setting_in_hg_pilot,float
sim/cockpit2/gauges/actuators/barometer_setting_in_hg_copilot,float
sim/cockpit2/gauges/actuators/barometer_setting_in_hg_stby,float
sim/cockpit2/gauges/actuators/radio_altimeter_bug_ft_pilot,float
sim/cockpit2/gauges/actuators/radio_altimeter_bug_ft_copilot,float
sim/cockpit2/gauges/actuators/baro_altimeter_bug_ft_pilot,float
sim/cockpit2/gauges/actuators/baro_altimeter_bug_ft_copilot,float
sim/cockpit2/gauges/actuators/artificial_horizon_adjust_deg_pilot,float
sim/cockpit2/gauges/actuators/artificial_horizon_adjust_deg_copilot,float
sim/cockpit2/gauges/actuators/airspeed_bug_deg,float
sim/cockpit2/gauges/indicators/airspeed_acceleration_kts_sec_pilot,float
sim/cockpit2/gauges/indicators/airspeed_acceleration_kts_sec_copilot,float
sim/cockpit2/gauges/indicators/airspeed_kts_pilot,float
sim/cockpit2/gauges/indicators/airspeed_kts_copilot,float
sim/cockpit2/gauges/indicators/airspeed_kts_stby,float
sim/cockpit2/ice/ice_all_on,int
sim/cockpit2/ice/ice_inlet_heat_on,int
sim/cockpit2/ice/ice_prop_heat_on,int
sim/cockpit2/ice/ice_inlet_heat_on_per_engine,int[8]
sim/cockpit2/ice/ice_prop_heat_on_per_engine,int[8]
sim/cockpit2/ice/ice_window_heat_on,int
sim/cockpit2/ice/ice_pitot_heat_on_pilot,int
sim/cockpit2/ice/ice_pitot_heat_on_copilot,int
sim/cockpit2/ice/ice_AOA_heat_on,int
sim/cockpit2/ice/ice_AOA_heat_on_copilot,int
sim/cockpit2/ice/ice_static_heat_on_pilot,int
sim/cockpit2/ice/ice_static_heat_on_copilot,int
sim/cockpit2/ice/ice_surfce_heat_on,int
sim/cockpit2/ice/ice_surfce_heat_left_on,int
sim/cockpit2/ice/ice_surfce_heat_right_on,int
sim/cockpit2/ice/ice_surface_boot_on,int
sim/cockpit2/ice/ice_surface_boot_left_on,int
sim/cockpit2/ice/ice_surface_boot_right_on,int
sim/cockpit2/ice/ice_surface_hot_bleed_air_on,int
sim/cockpit2/ice/ice_surface_hot_bleed_air_left_on,int
sim/cockpit2/ice/ice_surface_hot_bleed_air_right_on,int
sim/cockpit2/ice/ice_surface_tks_on,int
sim/cockpit2/ice/ice_surface_tks_left_on,int
sim/cockpit2/ice/ice_surface_tks_right_on,int
sim/cockpit2/ice/cowling_thermal_anti_ice_per_engine,int[8]
sim/cockpit2/ice/ice_prop_tks_on_per_engine,int[8]
sim/cockpit2/ice/anti_ice_engine_air,float[8]
sim/cockpit2/ice/anti_ice_engine_air_b,float[8]
sim/cockpit2/ice/ice_auto_ignite_on,int
sim/cockpit2/ice/ice_detect_on,int
sim/cockpit2/ice/ice_tks_fluid_liter,float
sim/cockpit2/pressurization/actuators/bleed_air_mode,int
sim/cockpit2/pressurization/actuators/dump_all_on,int
sim/cockpit2/pressurization/actuators/dump_to_altitude_on,int
sim/cockpit2/pressurization/actuators/cabin_altitude_ft,float
sim/cockpit2/pressurization/actuators/cabin_vvi_fpm,float
sim/cockpit2/pressurization/actuators/max_allowable_altitude_ft,float
sim/cockpit2/pressurization/actuators/air_cond_on,int
sim/cockpit2/pressurization/actuators/heater_on,int
sim/cockpit2/pressurization/actuators/fan_setting,int
sim/cockpit2/pressurization/indicators/outflow_valve,float
sim/cockpit2/pressurization/indicators/fan_speed,float
sim/cockpit2/bleedair/actuators/engine_bleed_sov,int[8]
sim/cockpit2/bleedair/actuators/apu_bleed,int
sim/cockpit2/bleedair/actuators/gpu_bleed,int
sim/cockpit2/bleedair/actuators/isol_valve_left,int
sim/cockpit2/bleedair/actuators/isol_valve_right,int
sim/cockpit2/bleedair/actuators/pack_left,int
sim/cockpit2/bleedair/actuators/pack_center,int
sim/cockpit2/bleedair/actuators/pack_right,int
sim/cockpit2/bleedair/indicators/engine_loss_from_bleed_air_ratio,float[8]
sim/cockpit2/bleedair/indicators/APU_loss_from_bleed_air_ratio,float
sim/cockpit2/oxygen/actuators/o2_valve_on,int
sim/cockpit2/oxygen/actuators/demand_flow_setting,int
sim/cockpit2/oxygen/actuators/num_plugged_in_o2,int
sim/cockpit2/oxygen/indicators/o2_bottle_rem_liter,float
sim/cockpit2/oxygen/indicators/o2_bottle_pressure_psi,float
sim/cockpit2/oxygen/indicators/pilot_felt_altitude_ft,float
sim/cockpit2/oxygen/indicators/pass_oxygenator_min_rem,float
sim/cockpit2/radios/actuators/nav1_power,int
sim/cockpit2/radios/actuators/nav2_power,int
sim/cockpit2/radios/actuators/nav_power,int[12]
sim/cockpit2/radios/actuators/com1_power,int
sim/cockpit2/radios/actuators/com2_power,int
sim/cockpit2/radios/actuators/adf1_power,int
sim/cockpit2/radios/actuators/adf2_power,int
sim/cockpit2/radios/actuators/gps_power,int
sim/cockpit2/radios/actuators/gps2_power,int
sim/cockpit2/radios/actuators/dme_power,int
sim/cockpit2/radios/actuators/nav1_frequency_hz,int
sim/cockpit2/radios/actuators/nav1_frequency_Mhz,int
sim/cockpit2/radios/actuators/nav1_frequency_khz,int
sim/cockpit2/radios/actuators/nav2_frequency_hz,int
sim/cockpit2/radios/actuators/nav2_frequency_Mhz,int
sim/cockpit2/radios/actuators/nav2_frequency_khz,int
sim/cockpit2/radios/actuators/nav_frequency_hz,int[12]
sim/cockpit2/radios/actuators/nav_frequency_Mhz,int[12]
sim/cockpit2/radios/actuators/nav_frequency_khz,int[12]
sim/cockpit2/radios/actuators/nav_dme_hold,int[12]
sim/cockpit2/radios/actuators/nav_dme_frequency_hz,int[12]
sim/cockpit2/radios/actuators/nav_dme_frequency_Mhz,int[12]
sim/cockpit2/radios/actuators/nav_dme_frequency_khz,int[12]
sim/cockpit2/radios/actuators/com1_frequency_hz,int
sim/cockpit2/radios/actuators/com1_frequency_Mhz,int
sim/cockpit2/radios/actuators/com1_frequency_khz,int
sim/cockpit2/radios/actuators/com1_frequency_hz_833,int
sim/cockpit2/radios/actuators/com2_frequency_hz,int
sim/cockpit2/radios/actuators/com2_frequency_Mhz,int
sim/cockpit2/radios/actuators/com2_frequency_khz,int
sim/cockpit2/radios/actuators/com2_frequency_hz_833,int
sim/cockpit2/radios/actuators/adf1_frequency_hz,int
sim/cockpit2/radios/actuators/adf2_frequency_hz,int
sim/cockpit2/radios/actuators/dme_frequency_hz,int
sim/cockpit2/radios/actuators/nav1_standby_frequency_hz,int
sim/cockpit2/radios/actuators/nav1_standby_frequency_Mhz,int
sim/cockpit2/radios/actuators/nav1_standby_frequency_khz,int
sim/cockpit2/radios/actuators/nav2_standby_frequency_hz,int
sim/cockpit2/radios/actuators/nav2_standby_frequency_Mhz,int
sim/cockpit2/radios/actuators/nav2_standby_frequency_khz,int
sim/cockpit2/radios/actuators/nav_standby_frequency_hz,int[12]
sim/cockpit2/radios/actuators/nav_standby_frequency_Mhz,int[12]
sim/cockpit2/radios/actuators/nav_standby_frequency_khz,int[12]
sim/cockpit2/radios/actuators/com1_standby_frequency_hz,int
sim/cockpit2/radios/actuators/com1_standby_frequency_Mhz,int
sim/cockpit2/radios/actuators/com1_standby_frequency_khz,int
sim/cockpit2/radios/actuators/com1_standby_frequency_hz_833,int
sim/cockpit2/radios/actuators/com2_standby_frequency_hz,int
sim/cockpit2/radios/actuators/com2_standby_frequency_Mhz,int
sim/cockpit2/radios/actuators/com2_standby_frequency_khz,int
sim/cockpit2/radios/actuators/com2_standby_frequency_hz_833,int
sim/cockpit2/radios/actuators/adf1_standby_frequency_hz,int
sim/cockpit2/radios/actuators/adf2_standby_frequency_hz,int
sim/cockpit2/radios/actuators/dme_standby_frequency_hz,int
sim/cockpit2/radios/actuators/nav1_obs_deg_mag_pilot,float
sim/cockpit2/radios/actuators/nav2_obs_deg_mag_pilot,float
sim/cockpit2/radios/actuators/nav_obs_deg_mag_pilot,float[12]
sim/cockpit2/radios/actuators/nav1_obs_deg_mag_copilot,float
sim/cockpit2/radios/actuators/nav2_obs_deg_mag_copilot,float
sim/cockpit2/radios/actuators/nav_obs_deg_mag_copilot,float[12]
sim/cockpit2/radios/actuators/adf1_card_heading_deg_mag_pilot,float
sim/cockpit2/radios/actuators/adf2_card_heading_deg_mag_pilot,float
sim/cockpit2/radios/actuators/adf1_card_heading_deg_mag_copilot,float
sim/cockpit2/radios/actuators/adf2_card_heading_deg_mag_copilot,float
sim/cockpit2/radios/actuators/nav1_course_deg_mag_pilot,float
sim/cockpit2/radios/actuators/nav2_course_deg_mag_pilot,float
sim/cockpit2/radios/actuators/nav_course_deg_mag_pilot,float[12]
sim/cockpit2/radios/actuators/nav1_course_deg_mag_copilot,float
sim/cockpit2/radios/actuators/nav2_course_deg_mag_copilot,float
sim/cockpit2/radios/actuators/nav_course_deg_mag_copilot,float[12]
sim/cockpit2/radios/actuators/HSI_source_select_pilot,int
sim/cockpit2/radios/actuators/HSI_source_select_copilot,int
sim/cockpit2/radios/actuators/RMI_source_select_pilot,int
sim/cockpit2/radios/actuators/RMI_source_select_copilot,int
sim/cockpit2/radios/actuators/RMI_left_use_adf_pilot,int
sim/cockpit2/radios/actuators/RMI_left_use_adf_copilot,int
sim/cockpit2/radios/actuators/RMI_right_use_adf_pilot,int
sim/cockpit2/radios/actuators/RMI_right_use_adf_copilot,int
sim/cockpit2/radios/actuators/DME_mode,int
sim/cockpit2/radios/actuators/DME_slave_source,int
sim/cockpit2/radios/actuators/nav_com_adf_mode,int
sim/cockpit2/radios/actuators/transponder_code,int
sim/cockpit2/radios/actuators/flight_id,byte[8]
sim/cockpit2/radios/actuators/transponder_mode,int
sim/cockpit2/radios/actuators/audio_com_selection,int
sim/cockpit2/radios/actuators/audio_nav_selection,int
sim/cockpit2/radios/actuators/audio_selection_com_auto,int
sim/cockpit2/radios/actuators/audio_selection_com1,int
sim/cockpit2/radios/actuators/audio_selection_com2,int
sim/cockpit2/radios/actuators/audio_selection_nav1,int
sim/cockpit2/radios/actuators/audio_selection_nav2,int
sim/cockpit2/radios/actuators/audio_selection_adf1,int
sim/cockpit2/radios/actuators/audio_selection_adf2,int
sim/cockpit2/radios/actuators/audio_dme_enabled,int
sim/cockpit2/radios/actuators/audio_selection_dme1,int
sim/cockpit2/radios/actuators/audio_selection_dme2,int
sim/cockpit2/radios/actuators/audio_marker_enabled,int
sim/cockpit2/radios/actuators/audio_volume_com1,float
sim/cockpit2/radios/actuators/audio_volume_com2,float
sim/cockpit2/radios/actuators/audio_volume_nav1,float
sim/cockpit2/radios/actuators/audio_volume_nav2,float
sim/cockpit2/radios/actuators/audio_volume_adf1,float
sim/cockpit2/radios/actuators/audio_volume_adf2,float
sim/cockpit2/radios/actuators/audio_volume_dme,float
sim/cockpit2/radios/actuators/audio_volume_dme1,float
sim/cockpit2/radios/actuators/audio_volume_dme2,float
sim/cockpit2/radios/actuators/audio_volume_mark,float
sim/cockpit2/radios/actuators/hsi_obs_deg_mag_pilot,float
sim/cockpit2/radios/actuators/hsi_obs_deg_mag_copilot,float
sim/cockpit2/radios/actuators/nav1_left_frequency_hz,int
sim/cockpit2/radios/actuators/nav2_left_frequency_hz,int
sim/cockpit2/radios/actuators/com1_left_frequency_hz,int
sim/cockpit2/radios/actuators/com1_left_frequency_hz_833,int
sim/cockpit2/radios/actuators/com2_left_frequency_hz,int
sim/cockpit2/radios/actuators/com2_left_frequency_hz_833,int
sim/cockpit2/radios/actuators/adf1_left_frequency_hz,int
sim/cockpit2/radios/actuators/adf2_left_frequency_hz,int
sim/cockpit2/radios/actuators/dme_left_frequency_hz,int
sim/cockpit2/radios/actuators/nav1_right_frequency_hz,int
sim/cockpit2/radios/actuators/nav2_right_frequency_hz,int
sim/cockpit2/radios/actuators/com1_right_frequency_hz,int
sim/cockpit2/radios/actuators/com2_right_frequency_hz,int
sim/cockpit2/radios/actuators/adf1_right_frequency_hz,int
sim/cockpit2/radios/actuators/adf2_right_frequency_hz,int
sim/cockpit2/radios/actuators/dme_right_frequency_hz,int
sim/cockpit2/radios/actuators/nav1_right_is_selected,int
sim/cockpit2/radios/actuators/nav2_right_is_selected,int
sim/cockpit2/radios/actuators/com1_right_is_selected,int
sim/cockpit2/radios/actuators/com2_right_is_selected,int
sim/cockpit2/radios/actuators/adf1_right_is_selected,int
sim/cockpit2/radios/actuators/adf2_right_is_selected,int
sim/cockpit2/radios/actuators/dme_right_is_selected,int
sim/cockpit2/radios/actuators/marker_sens,int
sim/cockpit2/switches/avionics_power_on,int
sim/cockpit2/switches/navigation_lights_on,int
sim/cockpit2/switches/beacon_on,int
sim/cockpit2/switches/strobe_lights_on,int
sim/cockpit2/switches/landing_lights_on,int
sim/cockpit2/switches/landing_lights_switch,float[16]
sim/cockpit2/switches/generic_lights_switch,float[128]
sim/cockpit2/switches/taxi_light_on,int
sim/cockpit2/switches/spot_light_on,int
sim/cockpit2/switches/dump_fuel,int
sim/cockpit2/switches/puffers_on,int
sim/cockpit2/switches/prop_sync_on,int
sim/cockpit2/switches/jet_sync_mode,int
sim/cockpit2/switches/electric_hydraulic_pump_on,int
sim/cockpit2/switches/ram_air_turbine_on,int
sim/cockpit2/switches/yaw_damper_on,int
sim/cockpit2/switches/artificial_stability_on,int
sim/cockpit2/switches/artificial_stability_pitch_on,int
sim/cockpit2/switches/artificial_stability_roll_on,int
sim/cockpit2/switches/HUD_on,int
sim/cockpit2/switches/parachute_deploy,int
sim/cockpit2/switches/jato_on,int
sim/cockpit2/switches/tailhook_deploy,int
sim/cockpit2/switches/canopy_open,int
sim/cockpit2/switches/door_open,int[10]
sim/cockpit2/switches/water_scoop_deploy,int
sim/cockpit2/switches/dump_water,int
sim/cockpit2/switches/no_smoking,int
sim/cockpit2/switches/fasten_seat_belts,int
sim/cockpit2/switches/total_energy_audio,int
sim/cockpit2/switches/HSI_is_arc,int
sim/cockpit2/switches/auto_brake_level,int
sim/cockpit2/switches/auto_reverse_on,int
sim/cockpit2/switches/prop_feather_mode,int
sim/cockpit2/switches/pre_rotate_level,int
sim/cockpit2/switches/clutch_engage,int
sim/cockpit2/switches/rotor_brake,int
sim/cockpit2/switches/hotel_mode,int
sim/cockpit2/switches/rotor_brake_ratio,float
sim/cockpit2/switches/hotel_mode_ratio,float
sim/cockpit2/switches/clutch_ratio,float
sim/cockpit2/switches/rocket_mode,int
sim/cockpit2/switches/burner_level,int
sim/cockpit2/switches/alternate_static_air_ratio,float
sim/cockpit2/switches/standby_vacuum_pump,int
sim/cockpit2/switches/wiper_speed,int
sim/cockpit2/switches/custom_slider_on,int[24]
sim/cockpit2/switches/panel_brightness_ratio,float[4]
sim/cockpit2/switches/instrument_brightness_ratio,float[32]
sim/cockpit2/switches/HUD_brightness_ratio,float
sim/cockpit2/switches/camera_power_on,int
sim/cockpit2/switches/total_energy_audio_on,int
sim/flightmodel2/controls/pitch_ratio,float
sim/flightmodel2/controls/roll_ratio,float
sim/flightmodel2/controls/heading_ratio,float
sim/flightmodel2/controls/speedbrake_ratio,float
sim/flightmodel2/controls/wingsweep_ratio,float
sim/flightmodel2/controls/thrust_vector_ratio,float
sim/flightmodel2/controls/dihedral_ratio,float
sim/flightmodel2/controls/incidence_ratio,float
sim/flightmodel2/controls/wing_retraction_ratio,float
sim/flightmodel2/controls/flap_handle_deploy_ratio,float
sim/flightmodel2/controls/slat1_deploy_ratio,float
sim/flightmodel2/controls/slat2_deploy_ratio,float
sim/flightmodel2/controls/flap1_deploy_ratio,float
sim/flightmodel2/controls/flap2_deploy_ratio,float
sim/flightmodel2/controls/stabilizer_deflection_degrees,float
sim/flightmodel2/controls/aileron_trim,float
sim/flightmodel2/controls/elevator_trim,float
sim/flightmodel2/controls/rudder_trim,float
sim/flightmodel2/controls/rotor_trim,float
sim/flightmodel2/engines/has_fuel_flow_before_mixture,int[8]
sim/flightmodel2/engines/prop_rotation_angle_deg,float[8]
sim/flightmodel2/engines/prop_is_disc,int[8]
sim/flightmodel2/engines/prop_disc/override,int[8]
sim/flightmodel2/engines/prop_disc/disc_width,float[8]
sim/flightmodel2/engines/prop_disc/disc_length_ratio,float[8]
sim/flightmodel2/engines/prop_disc/disc_s,float[8]
sim/flightmodel2/engines/prop_disc/disc_t,int[8]
sim/flightmodel2/engines/prop_disc/disc_s_dim,int[8]
sim/flightmodel2/engines/prop_disc/disc_t_dim,int[8]
sim/flightmodel2/engines/prop_disc/disc_alpha_front,float[8]
sim/flightmodel2/engines/prop_disc/disc_alpha_side,float[8]
sim/flightmodel2/engines/prop_disc/disc_alpha_inside,float[8]
sim/flightmodel2/engines/prop_disc/side_width,float[8]
sim/flightmodel2/engines/prop_disc/side_length_ratio,float[8]
sim/flightmodel2/engines/prop_disc/side_angle,float[8]
sim/flightmodel2/engines/prop_disc/side_number_of_blades,int[8]
sim/flightmodel2/engines/prop_disc/side_is_billboard,int[8]
sim/flightmodel2/engines/prop_disc/side_s,float[8]
sim/flightmodel2/engines/prop_disc/side_t,int[8]
sim/flightmodel2/engines/prop_disc/side_s_dim,int[8]
sim/flightmodel2/engines/prop_disc/side_t_dim,int[8]
sim/flightmodel2/engines/prop_disc/side_alpha_front,float[8]
sim/flightmodel2/engines/prop_disc/side_alpha_side,float[8]
sim/flightmodel2/engines/prop_disc/side_alpha_inside,float[8]
sim/flightmodel2/engines/prop_disc/side_alpha_to_camera,float[8]
sim/flightmodel2/lights/beacon_brightness_ratio,float[4]
sim/flightmodel2/lights/strobe_brightness_ratio,float[4]
sim/flightmodel2/lights/spot_light_heading_deg,float[1]
sim/flightmodel2/lights/spot_light_pitch_deg,float[1]
sim/flightmodel2/lights/strobe_flash_now,int
sim/flightmodel2/lights/override_beacons_and_strobes,int
sim/flightmodel2/wing/aileron1_deg,float[32]
sim/flightmodel2/wing/aileron2_deg,float[32]
sim/flightmodel2/wing/spoiler1_deg,float[32]
sim/flightmodel2/wing/spoiler2_deg,float[32]
sim/flightmodel2/wing/yawbrake_deg,float[32]
sim/flightmodel2/wing/elevator1_deg,float[32]
sim/flightmodel2/wing/elevator2_deg,float[32]
sim/flightmodel2/wing/rudder1_deg,float[32]
sim/flightmodel2/wing/rudder2_deg,float[32]
sim/flightmodel2/wing/flap1_deg,float[32]
sim/flightmodel2/wing/flap2_deg,float[32]
sim/flightmodel2/wing/speedbrake1_deg,float[32]
sim/flightmodel2/wing/speedbrake2_deg,float[32]
